name,male,female
伟,128179,14541
军,107893,7986
勇,109006,2467
涛,78159,5742
杰,68240,12843
斌,76044,3697
敏,26315,52110
强,76405,1153
磊,65785,5325
静,7357,63437
波,59023,8671
辉,56737,10386
华,39164,24659
峰,57562,3079
明,53900,5794
超,54095,4321
鹏,56072,2144
平,41690,16174
刚,56267,618
丽,579,55905
建华,44804,10021
俊,44451,7281
健,46044,5588
艳,1216,48837
燕,1424,47723
飞,43744,4661
萍,1339,44304
亮,43530,2066
建军,43401,1678
红,6311,38703
芳,1924,43076
建国,43894,567
娟,252,42601
玲,906,40253
莉,385,39024
林,33171,5352
凯,37131,1283
志强,37303,407
建平,32009,4107
浩,34357,1191
霞,497,32903
丹,6259,26731
云,17229,15731
英,4182,27781
建,28791,1885
毅,27299,2949
洁,3855,25681
鑫,24029,4892
海燕,2457,26227
兵,26987,1666
颖,3786,24854
志刚,28318,271
宁,19521,8952
洋,22405,5857
龙,27416,336
宇,22737,5008
彬,22757,3645
琳,5137,21020
娜,151,25438
锋,24424,1074
慧,3106,22204
文,19826,5466
国强,24111,208
旭,20152,3935
国华,20950,2979
梅,265,23486
小平,17027,6652
晓东,21678,1348
东,21866,1142
海,21801,548
丽华,900,21374
建明,21572,630
晶,5422,16716
海军,21696,405
丽萍,199,21902
阳,16863,5122
雷,20602,1114
红梅,155,21471
丽娟,122,21392
青,9466,11377
荣,12948,7838
海涛,19790,825
剑,18775,1441
琴,404,19776
岩,13454,6421
秀英,160,19644
卫东,19050,671
君,11912,7649
宏,14591,4929
威,17336,2025
海波,17838,1465
建新,18058,1186
江,17942,1198
成,18249,634
国平,17834,1016
婷,131,18463
佳,7567,10830
志勇,17914,240
翔,16653,1453
欣,9085,8747
坤,14990,2679
冬梅,172,17012
玉华,5200,11920
莹,1355,15721
松,15954,914
丽丽,90,16748
小红,3414,13383
志明,16365,412
志军,16190,524
国庆,15804,751
忠,16010,478
建伟,15565,604
帅,14869,1278
海峰,15550,541
群,7112,8951
志华,12750,3254
琦,10110,5852
琼,2072,13738
春华,8445,7313
进,13732,2006
立新,13277,2429
博,13921,1728
利,9015,6622
新华,12409,3204
玉梅,177,15372
玉兰,186,15255
冰,9366,6019
力,12955,2315
红霞,166,14904
海龙,14811,130
婷婷,59,14819
志伟,14356,517
振华,13455,1410
鹏飞,14522,338
晓明,12602,2242
春梅,172,14639
文华,10642,4136
俊杰,13758,1007
巍,11678,3043
春,10769,3894
建忠,14426,188
瑞,9600,4923
金龙,14260,173
雪梅,121,14272
建民,13883,412
新,11209,3041
桂英,151,14079
丽娜,88,13884
倩,398,13570
晓红,1232,12629
雪,1322,12312
和平,11966,1585
晓燕,219,13310
国良,13387,137
玲玲,161,13301
宏伟,12178,1186
杨,9108,4199
永红,7402,5889
秀兰,136,13116
爱华,2931,10297
炜,10977,2077
晨,9067,3982
金华,8808,4203
楠,7250,5735
蕾,1452,11527
锐,10728,2249
胜利,12331,597
小燕,345,12334
庆,10446,2120
永强,12451,99
小明,11209,1261
立,10280,2052
国军,12171,159
晓峰,11412,863
虹,1542,10668
海霞,185,11979
凤英,120,11918
海英,991,11035
桂兰,129,11857
旭东,11688,294
文杰,10644,1245
小军,11229,620
秀珍,176,11672
玉珍,488,11345
洪,9746,2053
小华,6993,4798
清,7014,4724
丽君,481,11245
祥,11487,210
胜,11362,299
小龙,11270,206
晓,6883,4574
志,10918,495
永,10871,522
蓉,204,11162
彪,11255,102
玉,4722,6620
欢,5911,5399
虎,11233,73
学军,10552,707
震,10815,433
秀华,1047,9975
琪,6336,4664
志国,10817,114
永生,10777,140
立军,10191,658
文龙,10724,104
玉英,185,10638
红军,10205,609
春生,10495,271
志平,9604,1162
小玲,400,10354
光明,10438,290
晖,7508,3194
义,9993,635
秀梅,101,10519
璐,2367,8231
丹丹,375,10214
明华,8192,2382
文斌,10317,231
帆,7473,3018
淑华,307,10181
彩霞,103,10366
玮,5942,4478
兰,290,10079
建强,10249,109
维,7093,3219
永华,8224,1957
晓华,4643,5526
坚,9174,994
星,7667,2486
振,9917,215
光辉,9662,442
春燕,351,9744
永刚,10001,83
卫,8072,1968
荣华,7490,2500
文军,9459,525
永明,9687,271
光,8944,930
爱民,7995,1864
玉林,8732,1109
向阳,9103,719
良,9414,378
金凤,335,9451
丽霞,47,9707
武,9483,268
永军,9547,170
少华,7773,1943
雄,9461,228
国栋,9561,93
艳红,396,9247
卫国,9493,142
晶晶,1486,8082
文明,9133,361
桂芳,756,8737
庆华,6774,2688
瑜,4007,5441
春林,8476,906
建辉,8648,723
建荣,8018,1312
文娟,62,9208
雪峰,8160,1086
永平,8233,988
薇,139,9072
秀丽,106,9086
钢,8991,194
勤,3817,5362
国荣,7905,1225
艳丽,114,8996
春艳,300,8758
秀芳,228,8808
哲,7568,1468
智,8189,814
国辉,8567,418
亚军,7588,1369
建英,1038,7900
凤,849,8082
红英,148,8765
晓玲,157,8731
瑛,1037,7829
昊,8257,579
向东,8465,362
玉玲,259,8545
美玲,107,8695
艳华,952,7822
云峰,8323,422
建文,8062,668
建中,8526,190
小英,188,8526
猛,8611,97
海平,7240,1412
红艳,280,8325
玉明,7642,950
云龙,8472,93
秀娟,55,8509
恒,7754,780
桂华,2286,6220
玉霞,101,8398
洪波,7533,945
桂荣,1395,7073
美华,917,7509
莉莉,53,8364
丽芳,93,8312
媛,52,8350
康,8035,360
建林,7950,399
玉龙,8189,157
栋,8129,207
玉琴,114,8211
秀云,333,7987
森,7953,338
春霞,114,8170
淑英,81,8196
中华,7362,913
晓军,7423,832
晓丽,89,8161
桂珍,133,8114
云飞,7050,1145
小林,6447,1744
靖,5250,2937
新民,7780,401
俊峰,7823,354
迪,5567,2573
政,7691,404
奇,7451,641
志坚,7757,301
淑珍,83,7972
聪,6393,1626
爽,2837,5150
小兵,7637,347
晓辉,6151,1823
玉芳,670,7270
海林,7412,528
兰英,65,7863
洪涛,7614,287
乐,5773,2125
玉萍,181,7711
卫华,5803,2073
爱国,7449,410
玉平,4505,3351
丽红,126,7698
兴,7332,449
德明,7571,180
永胜,7655,88
海明,7456,285
捷,5554,2175
媛媛,36,7685
美英,75,7641
晓霞,106,7608
黎明,6243,1441
建峰,7496,184
国祥,7588,87
国民,7565,106
凡,5579,2069
冬,6405,1234
珍,1103,6526
艳玲,105,7503
桂香,160,7440
骏,7142,453
秀琴,77,7447
红伟,6356,1148
志敏,5175,2325
科,6994,472
丽英,75,7387
建波,7074,348
玉红,1140,6275
劲松,7021,388
金花,62,7267
志红,3020,4293
海洋,6920,381
国英,1323,5961
清华,4578,2705
明明,5430,1817
春明,6704,530
爱军,5846,1387
建东,7074,147
文辉,6563,644
彦,4040,3158
国忠,7132,60
永祥,7106,84
长江,7069,101
伟明,6938,225
志成,7061,98
金荣,4339,2791
建红,3447,3677
秀玲,88,7025
兴华,6083,1029
文英,591,6516
芬,196,6906
淑琴,57,7039
德华,6120,973
文忠,6982,109
春红,894,6181
利军,6409,625
迎春,3126,3887
大伟,6836,170
小丽,84,6912
扬,5138,1856
小琴,151,6808
文彬,6632,316
铭,5875,1055
淑芳,91,6825
影,761,6144
金,5608,1266
金平,4927,1933
民,6321,519
学文,6416,415
红卫,5430,1396
东升,6701,122
航,5862,956
源,5531,1280
志文,6430,381
海东,6643,163
建成,6706,91
卫平,5574,1222
淑兰,53,6698
金明,6485,262
春花,50,6678
朝阳,6247,467
睿,4699,2014
晓波,5530,1181
诚,6243,460
春兰,107,6587
小芳,567,6121
金生,6600,84
权,6485,194
伟强,6623,48
小兰,96,6574
长春,6344,316
悦,2722,3906
晓梅,65,6542
瑾,1103,5492
春玲,163,6392
国明,6404,141
惠,1050,5492
跃,5759,764
茜,193,6312
亚平,3575,2923
小梅,73,6424
山,6151,323
明亮,6343,128
菲,1155,5302
雨,4556,1876
芳芳,101,6310
春英,143,6265
晓光,5491,898
爱萍,221,6157
雯,262,6086
志远,6146,166
国林,6155,155
红兵,5795,511
金山,6220,72
文生,6128,158
利平,3498,2773
文涛,5991,280
建生,6145,122
春香,138,6129
志辉,5869,397
国富,6152,64
川,5650,553
云霞,109,6083
长青,5715,468
彩云,239,5924
伟伟,4409,1753
昕,3668,2469
明辉,5620,508
振宇,5935,188
秀荣,399,5694
越,4071,2010
珊珊,166,5913
忠华,5351,710
艳萍,76,5980
鸣,4818,1238
光华,5395,655
洪伟,5598,450
岚,725,5323
国伟,5856,158
伟华,4599,1396
小波,5406,588
金海,5922,62
智勇,5884,96
奎,5849,120
桂花,66,5878
文平,4874,1057
桂林,4640,1253
春雷,5554,337
国兴,5812,74
志杰,5345,536
爱平,2603,3249
志荣,4929,912
凤兰,57,5782
立国,5770,66
朋,5529,305
伟民,5672,153
剑锋,5695,120
方,3557,2253
永辉,5475,333
怡,882,4924
英杰,4517,1279
伟东,5653,129
春芳,939,4828
小娟,35,5714
玉凤,183,5565
瑶,1230,4511
素珍,50,5690
娟娟,27,5710
永林,5528,198
艳梅,47,5673
露,1634,4082
树林,5497,209
德军,5610,80
淼,3444,2240
文强,5597,61
淑芬,40,5612
利民,5153,465
振国,5563,51
小东,5299,313
全,5373,231
冲,5017,581
建刚,5540,58
志鹏,5506,82
珊,481,5102
立华,3236,2344
秀芬,63,5512
萌,2686,2888
永利,4946,620
艳霞,53,5500
晓敏,1588,3963
爱玲,57,5484
永忠,5434,100
洪军,5439,89
卫红,1710,3815
滨,4855,665
婧,25,5465
志祥,5423,62
玉清,2734,2745
治国,5418,55
正华,4801,663
达,5186,274
建芳,1677,3782
志雄,5349,104
海华,4112,1337
国胜,5368,54
松林,5244,165
艳芳,108,5300
桂芝,120,5270
宝林,5213,176
海生,5319,70
晓春,3303,2086
亚,3104,2280
建良,5299,80
晓龙,5301,75
俊华,3600,1771
志斌,5233,125
泉,4731,624
鸿,3764,1588
艳艳,44,5308
晓伟,4554,796
国清,4965,378
志忠,5273,66
福生,5263,72
小勇,5205,124
玉荣,1080,4247
丽平,518,4802
金良,5212,100
玉莲,83,5220
正,5006,294
继红,1664,3608
振东,5206,63
文波,4800,467
永杰,4816,447
妍,43,5205
志宏,4625,618
丽梅,40,5202
美娟,37,5200
宝华,3797,1440
桂芬,127,5097
丽珍,50,5165
晓娟,31,5180
昆,4529,677
文学,5026,171
丰,4690,497
伟平,4432,742
曦,3246,1923
美丽,89,5079
利华,2427,2730
亚东,4886,271
福,5042,112
建锋,5042,111
立平,3673,1474
美珍,64,5078
宝,4897,244
玉峰,4780,361
亮亮,4711,429
永亮,5075,64
志英,820,4299
晓艳,69,5046
建兵,5043,65
国,5005,98
建设,4978,123
彤,3171,1930
洪亮,5004,84
文静,577,4509
亚萍,90,4991
丽琴,31,5047
金兰,152,4923
拥军,4768,297
金玉,2291,2762
蕊,168,4874
艺,2364,2674
海荣,3284,1723
凌,2690,2311
芸,221,4763
征,4102,882
程,4153,823
晓平,2926,2048
淑梅,44,4924
玉成,4823,136
新明,4720,231
海滨,4707,241
立明,4671,268
海云,2426,2512
文清,3906,1019
爱珍,90,4823
玉芬,104,4798
玉杰,2528,2374
黎,2025,2874
建斌,4808,70
晓云,1107,3768
朝辉,4263,610
玉春,3304,1568
淑娟,28,4844
建春,4251,615
伟杰,4599,265
翠英,49,4811
建龙,4805,48
生,4737,110
建萍,395,4447
红波,3829,1012
学明,4646,189
文君,2363,2456
慧敏,560,4254
国文,4597,212
青松,4592,214
惠芳,212,4585
春荣,2437,2360
晔,2581,2209
文俊,4357,422
云华,3028,1740
瑞华,2230,2538
玉香,109,4658
永清,4151,611
晓芳,266,4486
月,1002,3745
金梅,106,4636
志良,4674,67
小强,4664,74
建勇,4657,75
小伟,4258,474
永春,4223,499
朝晖,3679,1042
菊英,32,4688
东海,4655,62
畅,2666,2050
志峰,4585,120
铁军,4550,153
文祥,4616,81
月华,856,3833
双,2584,2103
海兵,4613,62
雪琴,62,4612
新平,3934,729
志龙,4611,44
东明,4437,211
国安,4550,77
志新,4176,449
微,909,3712
成林,4431,188
长海,4573,42
小青,1601,3009
安,4088,522
燕萍,57,4543
鹏程,4491,108
秀萍,44,4549
德胜,4532,59
文胜,4431,159
冬冬,3919,664
卫民,4369,214
顺,4328,254
志超,4406,175
广,4494,80
芹,146,4420
小云,1448,3116
新建,4396,166
国锋,4487,73
文海,4491,69
文武,4492,66
淑萍,41,4506
凤霞,35,4510
秀红,220,4323
淑云,74,4463
明军,4448,82
丽芬,35,4493
雪松,3944,574
晓飞,3432,1081
国新,4348,163
然,2864,1644
菁,595,3908
忠良,4442,59
凤云,301,4193
亚丽,50,4443
野,4009,483
贵,4297,190
闯,4326,149
素华,302,4169
灿,3101,1364
晓萍,106,4357
巧玲,46,4414
素英,43,4412
爱琴,46,4408
国峰,4375,75
剑峰,4318,125
晓林,3275,1165
俊英,473,3964
长生,4368,69
煜,3479,952
小刚,4386,40
世杰,4210,215
金林,4170,251
艳平,972,3440
枫,3094,1315
金玲,259,4150
烨,2430,1975
美芳,100,4305
园园,568,3821
远,3665,714
珂,2884,1491
德林,4231,136
玉良,4194,172
小飞,3367,998
江涛,4189,174
玉娟,28,4325
海艳,275,4073
凤琴,57,4290
月英,67,4251
秀清,759,3556
卫星,4008,306
志民,4215,95
国成,4268,37
淑霞,48,4250
玉军,4121,161
世平,3811,470
卓,3006,1266
成龙,4227,38
莹莹,82,4172
庆国,4197,52
素琴,41,4194
丽敏,112,4123
光荣,3724,506
明生,4165,62
佳佳,1600,2621
勇军,4134,76
玉祥,4092,113
卫军,3986,218
青山,4146,58
红星,3825,362
海清,3448,731
彬彬,2771,1408
忠明,4084,87
世明,4022,147
美兰,39,4128
志林,3988,176
永福,4086,64
志芳,1362,2786
菊,77,4060
永新,3840,294
文超,3834,293
素梅,27,4098
长林,4030,92
硕,3266,853
路,3228,888
明霞,101,4010
爱英,52,4039
玉山,4016,72
高峰,3995,90
振兴,4008,67
秀平,858,3209
文秀,1421,2646
福林,3945,118
德生,4030,32
皓,3563,495
保国,4018,37
富强,4006,44
侠,1033,3017
琳琳,313,3733
长明,3937,101
明星,3629,408
钧,3657,374
兴国,3966,55
攀,3476,543
莉萍,30,3986
大勇,3969,46
小霞,56,3959
素芳,50,3964
晓琴,42,3967
宝玉,2788,1220
春雨,3217,788
锦,2439,1565
元,3227,774
豪,3880,120
海斌,3932,66
凤珍,83,3912
永峰,3881,108
富,3921,68
小春,2362,1621
小妹,48,3928
玉生,3846,126
桂琴,43,3920
曙光,3635,321
淑芹,29,3921
晓莉,45,3901
艳军,3200,744
建立,3810,131
建飞,3467,472
振江,3901,37
翠兰,30,3905
文峰,3760,170
国芳,1637,2292
永贵,3834,95
德强,3894,35
桂云,380,3544
可,2899,1015
淑敏,72,3833
小萍,133,3771
凤华,813,3089
兰芳,183,3719
柳,1170,2729
韬,3643,255
金英,132,3765
利明,3555,339
金辉,3406,484
春丽,56,3827
淑玲,33,3849
立峰,3727,152
耀,3649,227
小敏,1358,2517
挺,3734,134
培,2326,1540
振海,3824,42
玉海,3796,55
春光,3503,347
泽,3563,282
新国,3789,55
永梅,121,3712
翠萍,38,3792
德,3730,100
玉国,3773,56
金成,3788,41
群英,294,3528
建光,3757,62
永成,3760,57
连生,3724,90
秀,852,2956
晓英,83,3724
永良,3744,56
金莲,74,3723
秀芹,36,3748
伟峰,3688,96
国斌,3704,64
华平,2996,770
国权,3721,42
金宝,3472,288
巧云,73,3687
臣,3676,82
婕,27,3722
谦,3247,501
永康,3685,59
克,3491,253
为民,3521,221
春平,2536,1204
立群,2446,1291
国红,2163,1573
国珍,1166,2567
吉,2804,926
立志,3570,160
惠英,42,3678
春辉,3120,597
蔚,1392,2324
凌云,1846,1869
会,1619,2092
建武,3641,69
美琴,36,3672
敬,2099,1607
立民,3574,131
喆,2826,877
美,444,3258
秀花,37,3653
剑波,3557,131
淑清,138,3542
文亮,3613,60
德荣,2952,719
月明,2606,1064
海红,998,2666
梅芳,119,3544
秀芝,43,3619
秋生,3539,118
欢欢,1227,2429
红燕,118,3538
晓亮,3432,222
亚娟,29,3624
雪英,43,3607
忠义,3579,70
晓静,269,3371
华明,3402,234
小荣,2299,1336
秀莲,39,3578
桂玲,61,3553
惠珍,33,3574
永安,3515,90
峥,2568,1033
德平,3196,403
宾,3303,292
嘉,2389,1205
钰,1598,1996
亚琴,38,3556
小凤,77,3514
飞飞,2147,1444
红娟,25,3565
宝军,3515,75
桂芹,44,3545
蓓,168,3416
大鹏,3540,42
晓斌,3399,180
双喜,3360,218
惠娟,25,3551
桂平,1603,1965
爱红,311,3256
玉花,47,3517
桂梅,41,3516
伟军,3385,172
建云,2356,1197
亚飞,2561,991
晓宇,2385,1166
小艳,105,3444
梅英,24,3524
启明,3406,141
丽云,95,3452
华英,177,3366
永兴,3490,53
明珠,842,2695
金祥,3482,54
新生,3421,113
金霞,62,3468
金波,3117,411
文成,3407,119
真,2132,1393
文芳,726,2795
贺,2829,692
文革,3164,355
江华,2960,555
红丽,59,3455
建兴,3448,66
腾,3218,290
志清,2988,519
占军,3467,37
建敏,2287,1211
翠,60,3436
晓丹,556,2934
军华,3015,474
娇,100,3388
小虎,3450,36
学良,3430,51
旺,3323,152
琛,2032,1435
璇,618,2846
标,3433,31
锦华,2584,875
月琴,43,3415
燕华,554,2904
焱,2084,1365
文兵,3353,86
伟国,3406,27
雁,913,2509
翠华,116,3305
燕燕,40,3375
艳辉,1426,1983
玉芹,88,3321
永波,3216,190
世华,2767,629
建清,3031,363
玉宝,3139,254
倩倩,41,3351
凤娟,9,3382
保华,2912,478
东生,3338,51
红亮,3264,124
彩红,71,3316
俊生,3321,66
艳秋,264,3120
国生,3343,32
俊伟,3248,126
宝山,3333,40
长军,3312,59
洪生,3328,40
立强,3318,45
萍萍,57,3301
霖,2607,739
钊,3160,183
雪莲,35,3300
卫兵,3221,110
喜,2982,347
文林,3146,169
秋红,234,3075
世军,3232,72
盛,3105,195
慧芳,62,3238
云鹏,3207,90
艳春,904,2391
花,46,3248
伟雄,3229,59
秀凤,50,3237
德成,3252,30
菊芳,87,3194
德龙,3247,33
慧娟,21,3257
庆林,3085,187
惠明,2703,564
秋菊,37,3226
凤梅,30,3232
志海,3225,34
友,3134,122
秋霞,26,3229
羽,2176,1079
秋华,1239,2010
亚玲,60,3188
永芳,890,2355
志东,3176,65
静静,136,3103
晋,2619,618
宏亮,3163,68
咏梅,32,3192
正平,2918,306
娜娜,20,3199
军伟,3150,65
海江,3161,53
淑荣,71,3142
金国,3176,33
福明,3136,71
凤玲,47,3160
文霞,66,3140
金芳,726,2479
晓刚,3163,37
燕飞,1185,2011
惠玲,52,3144
明杰,2840,353
立伟,2923,269
伟忠,3153,36
新春,2672,516
德全,3126,57
文伟,2975,205
永昌,3150,27
成军,3136,38
新宇,2746,425
瑞芳,313,2857
海鹏,3061,109
德福,3116,50
潇,1919,1244
跃进,3023,131
自强,3098,55
永超,3020,131
德祥,3101,48
秋香,37,3111
晴,595,2552
雪芬,31,3115
海亮,3095,51
淑艳,28,3117
美玉,127,3017
建芬,133,3009
海青,2313,829
素兰,27,3115
智慧,1652,1488
渊,2742,398
玉文,2387,745
学东,3004,127
志锋,3070,59
国君,2879,244
银,2063,1057
振军,3076,44
东华,2440,671
尧,2750,359
海山,3067,41
铮,2359,744
天明,2995,105
丽艳,25,3074
惠琴,24,3071
立波,2622,473
福军,3045,50
小辉,2594,500
树军,3040,51
庆军,3003,87
华东,3014,76
国亮,3052,38
晓冬,2494,595
秀霞,28,3061
园,1087,1999
玉芝,117,2966
金福,3021,59
月娥,27,3051
建勋,3013,63
文才,3030,41
琨,2097,973
玉柱,3017,51
冬生,2994,73
忠平,2861,203
彦军,2958,105
兴旺,3011,39
正明,2948,100
容,369,2678
福祥,2988,50
雪飞,1458,1579
雪芳,143,2894
爱芳,88,2944
广军,2988,43
美云,181,2848
新军,2930,91
永江,2982,38
国柱,2984,30
林林,1778,1230
爱明,2314,688
松涛,2909,91
茂林,2874,123
建雄,2924,69
凤林,2447,545
华军,2889,100
春波,2329,655
志云,1899,1082
永海,2954,25
华伟,2791,187
洪斌,2912,64
玉民,2790,184
德文,2858,115
小峰,2765,207
俊平,2154,813
文利,2074,892
平安,2826,128
伟光,2845,107
永涛,2893,59
晓兰,40,2911
宝成,2914,34
德志,2899,45
岗,2870,72
燕玲,39,2900
世伟,2846,91
龙飞,2849,88
南,2013,924
慧玲,39,2893
菊香,35,2897
青青,469,2462
纯,1573,1355
春龙,2889,37
秋萍,85,2838
永富,2890,33
月红,237,2685
国志,2872,48
亚辉,2213,706
建梅,58,2860
文荣,2167,746
明海,2876,37
明伟,2762,149
德才,2875,36
亚明,2456,451
正军,2860,43
翠平,112,2791
正国,2860,42
洪林,2762,139
学,2627,274
金水,2813,87
小花,49,2851
建祥,2874,26
春凤,146,2751
素娟,19,2875
铁,2803,91
雪华,964,1920
明强,2858,26
树华,2212,670
莎,85,2794
叶,858,2020
妮,28,2848
东辉,2586,290
万里,2801,75
晓锋,2722,151
国龙,2848,25
朝霞,136,2734
春海,2814,54
秀敏,196,2670
敏华,1158,1705
桂霞,26,2835
庆伟,2689,170
安平,2535,322
晓慧,237,2617
英华,1092,1759
素芬,24,2822
海珍,315,2530
忠林,2785,58
国雄,2800,43
东平,2432,411
国臣,2817,26
爱莲,44,2797
金萍,109,2731
惠芬,31,2809
兴龙,2812,26
俊明,2693,144
奕,1492,1340
保平,2589,238
苗,685,2141
学林,2696,130
金红,944,1882
宝珍,385,2438
文东,2739,81
金香,113,2707
明芳,686,2134
耀华,2471,345
志光,2758,54
春阳,2494,317
斐,1655,1156
长华,2221,586
秀峰,2094,710
金刚,2772,22
菊花,22,2770
国海,2771,20
明德,2742,46
秀明,1543,1245
忠伟,2707,80
学武,2734,53
星星,1761,1024
振明,2736,49
曼,156,2628
金星,2605,176
文博,2537,244
桂莲,34,2746
峻,2395,384
一鸣,2471,308
万军,2739,40
素云,59,2718
永志,2713,63
晓鹏,2567,206
发,2732,40
剑平,2518,251
雪萍,83,2684
继军,2625,139
庆文,2513,247
晓杰,1688,1068
东方,2334,419
顺利,2532,217
柏林,2644,100
爱梅,38,2705
彩英,29,2713
兰兰,29,2713
晓君,987,1753
学斌,2670,67
国建,2693,41
燕平,835,1898
国勇,2692,35
广明,2671,55
小莉,24,2702
香,227,2498
鹤,1894,830
文良,2679,39
荣生,2662,54
晓强,2669,47
学峰,2603,113
秀文,1116,1596
晓阳,2159,552
小利,851,1859
美荣,314,2395
金贵,2542,165
国兵,2680,23
钦,2075,626
茹,110,2590
德海,2677,21
振伟,2640,57
美霞,20,2677
云芳,402,2293
晓勇,2606,87
丽莉,16,2677
珺,667,2024
立红,715,1974
美红,124,2563
玉敏,520,2167
金秀,248,2437
海强,2664,19
文广,2651,31
爱兰,26,2651
国友,2637,40
国春,2448,228
少波,2554,120
俭,2125,548
林华,2091,582
益民,2541,131
爱云,171,2499
静波,1509,1158
国才,2643,24
一,2085,581
海玲,121,2544
云生,2570,94
洪海,2628,36
中,2532,131
惠萍,57,2604
金根,2609,52
伟文,2430,230
腾飞,2562,98
红云,546,2106
仁,2391,259
和,2491,158
红旗,2513,134
长安,2585,61
军辉,2503,143
炎,2130,515
飞龙,2605,38
玉强,2598,42
正伟,2574,62
春莲,46,2587
宁宁,1055,1578
学忠,2588,44
素萍,33,2598
平平,1227,1402
超群,1877,751
立君,1972,654
国利,2383,242
文勇,2564,52
京,1836,779
家明,2524,87
苗苗,148,2458
晟,2401,205
彩虹,69,2537
子龙,2586,18
海萍,205,2399
菲菲,176,2425
河,2464,137
燕红,110,2489
柱,2562,36
建宏,2387,210
红涛,2394,201
浩然,2445,145
彩凤,32,2557
泽民,2527,61
洲,2368,215
国光,2505,77
驰,2283,299
秋,1209,1370
炯,2224,355
淑红,47,2530
轶,1855,720
瑞英,89,2484
岳,2303,270
伟锋,2524,47
红玲,45,2523
永东,2488,80
翠玲,29,2539
宏斌,2494,72
卫明,2467,99
新荣,1736,830
桂萍,48,2517
胜华,2230,334
继华,1917,646
永发,2543,20
秋英,41,2519
玉辉,1969,589
桂红,231,2327
盼盼,676,1879
金伟,2394,157
玉忠,2486,64
继东,2472,77
景,1482,1066
绍华,2104,441
广华,2080,465
莲,70,2474
文新,2260,281
洋洋,1827,712
玉娥,29,2510
柯,2087,452
德新,2430,107
亚红,278,2257
世荣,2068,467
东梅,27,2507
世忠,2501,31
胜军,2459,71
有,2474,54
建康,2495,33
大明,2410,117
水平,2107,419
红芳,140,2385
兴明,2449,75
成华,2131,390
玉坤,2054,465
玥,478,2040
东亮,2471,46
军民,2449,67
寅,2207,308
利娟,17,2498
昱,1759,746
洪明,2440,63
忠民,2440,62
东东,2337,164
雪平,1264,1234
文刚,2473,24
天,2133,360
卉,152,2340
庆生,2419,70
永光,2451,38
文国,2454,34
彩萍,22,2464
文光,2424,62
凤莲,28,2457
淑贤,59,2424
继明,2404,78
向荣,1884,596
明月,1055,1420
晓青,719,1756
耀辉,2365,109
文锋,2398,75
学平,2096,376
升,2381,90
振强,2451,18
玉东,2354,114
太平,2345,123
世强,2441,26
森林,2411,56
桂清,780,1686
宝生,2410,51
连军,2390,70
均,2106,351
志江,2417,40
明忠,2421,32
少军,2355,97
旭光,2340,110
勋,2312,138
先锋,2311,136
大军,2380,67
永国,2420,27
连英,94,2351
福荣,1630,815
秋平,1250,1195
进军,2363,81
城,2312,131
广平,2097,346
海锋,2391,50
文玉,1432,1007
金虎,2418,21
桂凤,37,2400
赟,1619,818
晓文,1597,839
永锋,2390,45
庆云,1391,1042
梦,550,1882
娅,22,2409
通,2370,58
庆丰,2331,96
玉波,1886,539
姗姗,22,2400
春江,2315,106
小芬,54,2367
景华,1667,753
金柱,2383,35
才,2371,46
丽荣,158,2258
明祥,2382,34
贤,1638,777
保军,2382,32
瑞平,1510,903
雅琴,22,2391
长清,2251,161
庆海,2388,23
学义,2354,56
莎莎,21,2388
益,1935,474
新红,1146,1262
学成,2375,32
建海,2375,32
珍珍,40,2367
宝龙,2378,29
立春,2009,396
凤芹,31,2374
文丽,47,2357
国梁,2370,30
琰,902,1498
学华,1713,684
亚杰,1022,1375
亚男,523,1873
翠红,30,2363
新伟,2241,150
卫忠,2353,36
珏,840,1549
文义,2311,77
贵生,2342,43
灵,1058,1327
明春,2054,331
德忠,2353,32
伟红,773,1612
俊霞,48,2335
永建,2323,58
永和,2330,51
振平,2128,251
国顺,2345,32
凤仙,68,2307
继平,1986,382
永伟,2292,73
惠敏,383,1977
红光,2178,181
斌斌,2088,271
爱香,43,2312
永斌,2329,24
丽玲,15,2337
德刚,2332,19
永泉,2320,30
旭明,2220,125
吉祥,2284,58
建利,1913,429
林生,2309,33
国义,2296,45
新文,2147,194
永庆,2279,59
向军,2167,171
雪珍,31,2306
永飞,2203,133
文红,797,1539
洪英,127,2205
玉新,1789,542
志高,2305,25
立刚,2313,17
文江,2278,51
志兵,2294,33
小珍,102,2225
旭辉,2091,234
建安,2250,74
金泉,2262,58
艳芬,24,2294
明山,2298,19
跃华,1824,492
文文,939,1377
亚楠,913,1402
丽明,675,1635
向前,2218,91
世英,846,1463
瑞霞,36,2271
淑香,24,2283
德良,2271,36
爱荣,356,1950
金妹,52,2254
少平,1815,489
文志,2243,60
希,1289,1011
立东,2223,76
金娥,34,2262
蒙,1603,693
亚林,1793,503
荣辉,2104,192
晗,1543,751
青云,1166,1128
凤军,2127,167
学敏,1189,1105
洪文,2156,137
臻,1686,607
利红,362,1930
明英,150,2141
劲,2001,288
桂生,2166,121
鹰,1520,767
浪,2003,284
庆祥,2260,27
军平,2060,225
秀艳,33,2250
永全,2253,29
江波,2144,136
茂,2004,275
文珍,352,1924
翠云,35,2240
东旭,2126,149
艳杰,413,1861
瑞林,2020,253
宝珠,644,1626
保林,2188,79
立成,2237,29
福全,2217,48
思,923,1340
振林,2199,58
伟良,2231,23
华林,2065,187
键,2008,244
玉环,178,2073
兵兵,2004,247
德贵,2182,66
立辉,1933,310
长福,2222,21
丽琼,21,2221
广林,2190,52
立忠,2193,49
大海,2217,24
德春,2040,201
红玉,432,1809
水英,48,2192
兰香,36,2204
春杰,1345,893
占国,2209,28
秀春,584,1652
树明,2176,60
芙蓉,38,2197
云波,1912,317
德利,2132,97
亚芳,112,2114
金亮,2179,45
佩,779,1445
大庆,2132,91
东林,2092,130
福成,2204,18
文婷,31,2189
宏宇,1901,318
清海,2190,28
梁,2099,117
永德,2177,39
盼,1087,1127
震宇,2113,99
玉婷,15,2193
果,1606,602
树森,2165,42
玉刚,2194,12
新强,2171,35
涵,1315,889
凤祥,2100,102
国全,2181,20
财,2178,22
宝国,2175,24
玉秀,165,2033
原,1647,549
德富,2176,20
雪花,19,2176
雪玲,41,2153
海文,1984,210
美凤,27,2165
爱娟,6,2186
继伟,2062,127
秋云,383,1806
成文,2121,68
金元,2054,133
一平,1704,483
云海,2141,45
正荣,1908,278
惠民,1962,222
庆龙,2165,18
雄伟,2138,45
建江,2138,44
戈,1889,292
文庆,2051,128
世民,2145,32
耀明,2125,52
金才,2142,31
忠海,2151,22
海成,2149,23
海彬,2097,74
克明,2093,75
禹,1927,241
华荣,1600,565
懿,1274,891
永兵,2128,36
彩琴,27,2136
忠文,2091,71
华丽,97,2064
冉,1084,1075
培培,483,1676
昌华,1967,190
文艳,141,2015
振杰,2022,134
发明,2106,46
金发,2118,31
泽华,1865,284
小锋,2007,140
东红,1245,901
轩,1886,259
国琴,115,2030
淑平,276,1866
永珍,424,1718
国东,2099,43
志彬,2090,49
延军,2052,87
庆明,2053,84
文浩,2085,51
春峰,2007,127
成刚,2121,12
国云,1481,651
为,1743,388
青华,1229,901
永霞,53,2077
永才,2106,23
开明,2057,67
小文,1612,512
德清,1909,212
学锋,2010,110
国俊,1984,135
德宝,2074,42
立文,1838,274
晓娜,9,2102
文全,2069,42
桦,1140,970
小玉,357,1752
晓磊,1701,407
欣欣,598,1508
克勤,1794,311
昌明,2033,71
翠霞,9,2092
庆荣,1460,640
国杰,1941,159
学民,2040,59
爱霞,8,2089
红平,1344,750
红斌,1890,203
庆辉,1917,175
秀林,1270,822
翠芳,18,2070
壮,2022,66
根,2009,78
建玲,176,1911
世海,2069,17
海泉,2036,50
春晓,1204,882
明玉,1006,1079
春秀,173,1912
洪梅,50,2034
少杰,1955,128
金涛,1981,102
沛,1622,460
志武,2037,45
伟林,1975,107
巧,352,1729
俊芳,349,1732
晓庆,809,1271
月梅,20,2059
云祥,2027,50
德金,1997,80
春山,2042,34
永青,1702,374
桂明,1779,296
福平,1844,230
月珍,42,2025
亚芬,35,2031
树生,2048,18
红林,1560,505
贵平,1729,334
博文,1897,166
凤山,2009,53
家华,1742,320
梅花,16,2046
光伟,1979,80
田,1489,567
德兴,2018,38
万春,1924,131
洪彬,1998,57
志亮,2026,26
丽杰,136,1913
凤芝,45,2004
艳君,351,1697
淑杰,103,1944
宝明,1956,90
红杰,1443,603
长征,1944,99
宝忠,2005,35
雪明,1682,357
春来,1843,194
秀娥,14,2023
学英,197,1839
根生,2019,16
亚洲,1949,86
弘,1290,745
文德,1991,43
建业,1966,68
利萍,58,1976
亚君,490,1544
小宁,1193,840
兴平,1762,270
友明,1962,70
双双,379,1652
世龙,2008,22
华强,2000,29
慧萍,31,1997
小亮,1926,102
永根,2005,22
慧琴,16,2008
建超,1952,71
丽军,1024,999
晓荣,921,1102
洪江,1981,41
麟,1749,273
小清,834,1187
俊林,1851,169
艳波,861,1159
德义,1991,29
广辉,1942,78
振龙,1997,22
惠兰,26,1992
理,1617,399
家林,1907,107
建福,1991,22
前进,1966,44
爱芬,21,1988
荣军,1923,86
东风,1866,143
礼,1748,260
素平,265,1743
连成,1984,24
燕芳,55,1953
学兵,1953,54
洪杰,1569,437
贵林,1906,98
水根,1950,54
俊锋,1944,58
爱丽,24,1978
姣,92,1907
宝贵,1915,84
春祥,1962,37
亚利,467,1531
昌,1964,34
正林,1888,109
玉洁,139,1857
宝平,1735,260
爱花,17,1978
水生,1966,28
德辉,1892,100
菊芬,11,1980
长胜,1966,23
银华,1121,868
国彬,1949,38
祥林,1922,64
国昌,1977,9
兴文,1918,66
振峰,1950,33
华锋,1910,72
展,1673,308
银花,17,1963
德山,1961,19
庆春,1746,233
世文,1882,95
宽,1889,84
军军,1824,148
金文,1785,187
士军,1940,32
景春,1789,182
文举,1930,39
玉江,1917,52
洪艳,259,1709
金峰,1872,96
林海,1917,50
水清,1605,362
永健,1894,72
信,1837,127
魁,1927,33
玉美,115,1843
文建,1872,86
德芳,841,1117
素霞,12,1944
振荣,1416,539
志君,1548,407
俊涛,1898,56
庆平,1601,353
云辉,1641,311
小斌,1880,71
淑君,107,1844
志娟,20,1931
长友,1921,26
志萍,183,1762
荣荣,696,1249
巧英,16,1928
丽花,10,1934
晓凤,44,1899
文琴,41,1901
志安,1896,45
俊红,672,1269
瑞明,1777,162
风,1286,652
伟斌,1912,26
中平,1743,195
洪霞,45,1892
福海,1915,20
福贵,1862,72
维国,1920,14
晓琳,197,1736
志永,1909,23
正祥,1905,26
德勇,1900,31
建松,1890,40
秀杰,458,1472
家祥,1904,26
广生,1908,21
春玉,606,1323
国洪,1877,51
亚伟,1717,209
冠军,1848,77
俊辉,1757,168
金城,1893,31
洪刚,1909,14
德友,1893,30
德英,295,1627
俊玲,75,1847
淑芝,20,1900
辰,1551,368
秋玲,29,1887
云云,327,1588
俊龙,1895,19
长山,1897,17
德伟,1859,54
秋兰,23,1890
侃,1783,124
秀玉,162,1744
岭,1493,412
惠平,1083,819
月霞,22,1880
凤明,1518,384
利君,845,1057
振山,1883,17
伦,1736,164
秋梅,18,1880
素玲,16,1881
静华,325,1571
艳明,1278,617
清平,1543,352
晓宁,994,900
滔,1714,179
长荣,1368,525
镇,1818,72
亚峰,1722,168
金富,1859,31
磊磊,1703,186
成伟,1826,63
凤荣,219,1670
非,1596,292
向红,560,1327
文元,1829,55
树清,1665,218
光耀,1855,28
明珍,226,1652
正东,1843,31
贵华,1449,424
林峰,1811,62
双全,1813,59
广文,1809,62
江平,1584,286
振刚,1854,15
清林,1759,108
福英,119,1747
光平,1642,223
成国,1842,20
继成,1840,22
安民,1814,47
建涛,1815,46
仁杰,1786,74
雅,205,1655
瑞峰,1701,158
国金,1778,80
晓兵,1704,153
春萍,72,1785
德顺,1818,38
宇峰,1772,84
治平,1718,137
慧慧,115,1738
春风,1182,670
旭峰,1769,82
文兰,91,1760
忠祥,1826,24
志学,1782,67
学伟,1746,101
志全,1818,29
庆红,812,1034
家荣,1483,363
文昌,1832,14
甜,289,1556
先明,1767,77
灵芝,60,1784
长富,1825,16
锦辉,1725,116
彩华,211,1629
文虎,1823,17
明光,1782,58
凤鸣,1127,713
维军,1781,59
丽群,53,1785
士杰,1716,122
元元,719,1118
成明,1788,49
舟,1486,348
建青,1447,386
玉才,1794,38
美芬,19,1813
永顺,1793,38
小毛,1503,326
凤春,1086,743
振生,1811,17
兴荣,1526,302
啸,1657,169
少林,1680,145
利霞,14,1809
海兰,80,1743
雅丽,22,1799
新龙,1805,16
利群,720,1101
清泉,1724,92
庆峰,1777,39
振辉,1755,61
青春,1408,407
春喜,1642,172
旋,1136,677
明刚,1789,23
月芳,103,1708
文科,1767,44
永兰,63,1748
敏敏,508,1301
丽燕,8,1800
栋梁,1787,21
海勇,1787,20
金枝,253,1554
自力,1709,97
启华,1553,253
微微,119,1685
子明,1750,54
美香,22,1781
庆忠,1783,19
爱群,465,1337
文贵,1728,74
明清,1536,266
素芹,16,1783
海丽,41,1758
洪祥,1785,14
秋林,1484,313
秀军,1463,333
长伟,1741,53
洪武,1770,23
伟荣,1636,156
菊华,182,1610
天祥,1765,27
立杰,1132,658
文兴,1754,36
如意,1151,639
树文,1705,84
文敏,881,908
世林,1694,94
兴林,1707,79
建宁,1577,208
慧君,304,1481
永龙,1770,15
培华,1245,540
建全,1756,28
长发,1758,26
汉明,1744,39
中伟,1719,62
长龙,1764,16
德民,1750,30
冬英,29,1750
新安,1714,64
秋明,1452,326
秀菊,9,1769
东伟,1689,88
楠楠,530,1246
剑飞,1638,137
慧英,33,1741
乾,1652,120
俊强,1750,22
俊梅,15,1755
云英,61,1706
振波,1688,79
建丽,49,1718
明利,1450,314
卿,1239,524
建德,1736,25
炳华,1644,116
金友,1698,60
全胜,1727,31
湘,862,895
振忠,1735,22
海宁,1368,389
国玉,1291,464
会军,1613,142
小菊,32,1722
文福,1728,26
宝祥,1728,25
燕青,710,1042
俊文,1619,132
清明,1593,158
明义,1697,52
志春,1582,167
兴军,1729,19
春利,1186,562
宏波,1574,174
立娟,22,1724
放,1359,387
福华,1344,401
维平,1438,307
金娣,41,1704
树平,1496,248
志涛,1688,55
嵩,1607,136
志波,1636,106
秋芳,108,1634
利利,251,1489
金全,1701,38
瑞军,1671,67
树春,1639,98
志飞,1574,163
秋月,86,1650
广东,1712,24
国宝,1689,47
亚珍,44,1691
恺,1631,102
茂华,1440,293
建坤,1652,79
建洪,1641,89
健华,1438,292
勇强,1716,14
福强,1711,18
顺华,1322,406
继文,1599,129
云平,1225,502
维华,1231,494
新林,1617,107
成海,1701,22
雅萍,18,1705
淑文,179,1544
向明,1580,142
学强,1704,18
志豪,1698,23
福兴,1674,47
翠娥,8,1713
玉斌,1606,113
德云,1173,546
少辉,1614,104
跃辉,1556,162
书华,1049,668
海春,1442,275
文彪,1705,12
榕,677,1039
军强,1690,25
熙,1294,417
连华,1024,687
玉珠,341,1369
玉燕,67,1643
冰冰,683,1027
瑞珍,141,1568
嵘,1059,650
彩玲,14,1695
学刚,1695,12
旻,1169,538
亚南,940,766
小鹏,1611,95
巧珍,10,1696
香兰,16,1689
文玲,110,1593
永丽,43,1659
俊波,1540,161
福利,1553,148
天华,1433,267
馨,246,1454
立荣,850,849
文凯,1631,68
万林,1649,48
维新,1576,121
蓉蓉,27,1670
兴海,1683,14
明龙,1683,13
建霞,53,1642
志兴,1648,46
永文,1594,99
龙龙,1652,41
红岩,855,838
振民,1655,34
利强,1669,20
宏杰,1491,197
慧珍,26,1662
长根,1667,21
瑞祥,1638,48
艳荣,88,1598
月兰,24,1662
登峰,1649,36
克强,1663,21
世雄,1668,16
梅香,20,1663
祥华,1424,258
靓,639,1043
英俊,1464,218
蓓蓓,37,1645
长顺,1650,31
红利,702,978
建彬,1639,41
仁华,1426,252
利国,1648,29
智强,1659,18
金保,1631,45
海琴,42,1634
智敏,1106,570
冬华,994,680
志权,1656,18
莺,54,1619
敏杰,1268,405
小宝,1317,353
庆东,1634,35
正文,1583,85
文山,1642,24
迅,1433,232
志福,1648,17
长松,1636,28
赛,1165,499
松柏,1623,41
阳阳,1154,509
渝,1045,618
天龙,1642,21
少伟,1601,61
志贤,1378,283
兰珍,44,1617
世勇,1638,23
大为,1616,44
海娟,13,1645
明东,1620,37
建胜,1636,21
建群,972,685
朝,1477,180
海良,1629,27
四清,1464,192
玉金,1144,512
玉贵,1510,145
思思,72,1582
德安,1609,45
继忠,1629,24
晨光,1534,119
福春,1538,115
汉平,1525,128
永恒,1586,66
乐乐,1083,567
绍军,1611,39
亚莉,12,1637
国涛,1626,23
家伟,1601,48
新峰,1585,64
新芳,710,938
璟,706,942
玉涛,1492,156
晓晖,1080,568
翼,1361,287
德江,1625,22
海芳,330,1317
维维,492,1155
志浩,1612,33
文章,1618,26
贵明,1581,63
景文,1531,113
国萍,248,1395
苹,144,1499
苏,914,728
秀美,36,1606
义军,1599,43
新亮,1609,33
勇刚,1630,11
学海,1619,22
惠忠,1596,45
薇薇,19,1622
松华,1440,200
友良,1534,106
志洪,1563,77
念,967,670
志生,1620,16
翠翠,8,1628
雪丽,16,1620
宏军,1595,40
恩,1435,198
伟成,1610,22
金鹏,1589,43
智明,1556,73
瑞玲,58,1571
立英,159,1469
泳,1343,285
玉喜,1532,96
堃,1364,264
树海,1605,22
建珍,176,1451
传军,1600,27
爱玉,75,1552
秀香,23,1604
瑞红,289,1336
营,1142,483
昭,1266,358
培军,1568,56
彦平,1225,399
先华,1331,293
强强,1603,20
美林,583,1039
治,1493,129
庆福,1597,25
国宏,1522,99
明国,1606,14
晓利,591,1026
雪云,282,1335
德元,1567,48
新梅,53,1562
润,1172,442
丽清,73,1540
中林,1532,80
瑞娟,17,1595
文燕,113,1498
华生,1577,34
红红,319,1292
美莲,17,1592
永宏,1512,97
淑贞,20,1588
春伟,1422,185
树国,1592,15
华山,1567,40
海民,1577,29
文萍,103,1503
洪福,1580,25
明江,1576,28
红华,723,878
学志,1572,29
玉堂,1545,56
明君,1258,342
丽春,134,1465
振英,442,1157
庆芳,498,1101
荣贵,1548,50
光亮,1578,19
明贵,1526,71
青海,1569,27
荣林,1531,65
海飞,1231,365
剑华,1291,304
策,1464,131
建琴,45,1548
小弟,1542,50
高,1517,75
新海,1560,31
友华,1260,331
云涛,1476,115
丽珠,15,1576
继荣,1115,475
晓芬,26,1563
春云,715,874
宗华,1366,222
成武,1574,14
宇飞,1415,173
喜梅,19,1567
雪芹,51,1535
革,1286,300
海忠,1572,13
玉福,1540,45
喜平,1237,346
振中,1566,17
家强,1567,16
华清,1221,362
明新,1465,117
玉伟,1355,227
文飞,1395,187
广义,1553,29
东波,1488,93
汉华,1327,254
剑辉,1484,96
冬青,811,768
雪娟,6,1573
永山,1562,16
红萍,38,1540
卫强,1559,17
春发,1551,25
衡,1405,171
伟英,165,1410
宝荣,955,620
兆华,1289,285
天成,1552,22
春福,1517,56
腊梅,28,1543
佳丽,20,1551
华杰,1439,131
国福,1543,27
学礼,1542,28
朝军,1538,31
海鹰,840,729
会平,827,742
龙海,1550,18
跃明,1501,67
万明,1534,34
迎,581,987
春娥,14,1553
意,1092,475
燕霞,13,1552
骥,1446,117
霄,1179,383
锦荣,1396,166
俊丽,43,1518
雪红,101,1459
翠莲,18,1542
金燕,90,1470
有才,1542,16
国政,1537,21
学勤,1045,513
泓,871,686
爱林,975,582
焕,806,751
喜军,1493,64
金云,778,778
文慧,361,1195
水林,1490,65
树荣,1197,358
福元,1506,49
翔宇,1418,137
铁成,1542,13
圆圆,205,1350
成义,1514,40
飞燕,105,1449
桂春,657,894
四海,1524,27
培林,1443,108
德亮,1538,11
国芬,85,1464
光军,1526,22
周,1403,144
润生,1504,42
德财,1532,14
天宇,1432,114
贝贝,604,941
伟刚,1529,16
满,1186,359
汉文,1495,50
长城,1525,18
德发,1529,14
巍巍,908,634
长有,1528,14
明荣,1167,375
宝英,125,1417
景林,1495,47
亚兰,23,1518
少明,1408,133
小冬,1227,314
志广,1522,19
良军,1507,32
世清,1327,212
金忠,1506,32
少云,892,646
小建,1427,111
福根,1516,21
玉和,1434,103
云清,1080,457
碧云,105,1431
跃军,1475,60
璐璐,237,1297
金财,1515,19
志友,1508,26
宝良,1491,41
洪利,1346,184
子文,1457,73
玉泉,1440,89
振文,1461,67
家平,1366,162
琴芳,20,1507
天福,1512,15
传明,1503,24
爱菊,14,1513
玉仙,58,1468
铁柱,1514,12
建宇,1431,94
国飞,1355,170
龙华,1356,168
庆玲,95,1429
德玉,1138,386
德斌,1499,24
国刚,1509,13
庆波,1417,103
明波,1395,124
平华,1141,378
金强,1495,23
鹏辉,1455,63
传华,1253,265
世红,833,684
国营,1490,27
耀东,1501,15
德君,1351,165
新成,1496,19
立勇,1488,25
国财,1503,10
建美,167,1345
福顺,1376,135
永彬,1477,34
书平,1010,501
华峰,1439,70
伟龙,1501,8
美花,9,1499
玉亮,1461,47
国喜,1466,41
海全,1491,15
春晖,1102,404
淑丽,6,1500
志恒,1449,57
明福,1477,29
亚文,768,737
笑,665,839
晓彬,1269,235
进华,1325,179
洪志,1469,34
鸿飞,1364,139
文权,1477,26
雪林,1194,309
清波,1358,145
良华,1301,201
先进,1458,44
金艳,74,1428
正强,1489,12
朋飞,1458,43
祥云,1052,449
雪娇,35,1466
海松,1453,46
晓婷,15,1484
莲英,11,1487
喜林,1421,77
瑞兰,29,1469
新忠,1468,29
罡,1456,41
俊超,1427,70
军峰,1468,28
朝华,1234,261
志梅,63,1432
建兰,64,1430
翠珍,16,1478
宝玲,113,1380
小松,1405,88
国贤,1332,158
志琴,64,1426
永进,1424,64
祺,1216,272
涛涛,1363,125
少锋,1460,27
宝全,1459,28
永金,1397,90
向华,1059,427
雪艳,18,1468
玫,27,1458
维明,1400,84
泽明,1432,50
继光,1442,39
明远,1434,47
菊红,35,1445
月萍,26,1454
正良,1462,18
青林,1338,142
佳伟,1378,102
少峰,1430,50
福来,1451,28
清云,835,644
洪飞,1390,88
永权,1459,17
惠华,446,1030
素红,68,1407
世国,1467,7
军红,901,572
英明,1304,169
风英,27,1445
保,1403,69
文富,1450,21
彦明,1403,67
石,1356,114
建昌,1457,11
景龙,1460,8
永久,1442,26
忠杰,1366,102
国武,1443,24
红珍,53,1413
秀君,334,1130
祥明,1423,39
冬云,423,1039
智华,1118,344
锦明,1405,57
洪义,1431,31
艳琴,14,1448
勃,1294,167
国瑞,1378,83
红明,1294,167
德权,1446,14
有明,1419,41
俊清,1066,394
文中,1427,32
俊义,1429,30
守军,1445,13
峥嵘,1071,387
益明,1390,68
忠国,1444,14
文进,1396,61
学勇,1436,21
菊梅,12,1444
夏,731,725
洪春,1293,162
林芳,330,1125
国江,1436,19
红生,1421,34
海丰,1400,54
建君,1081,373
兆明,1407,47
国超,1417,36
保安,1430,22
小江,1357,95
光林,1402,49
健康,1408,42
文喜,1385,65
行,1250,200
洪良,1437,13
中明,1391,58
甜甜,90,1359
纲,1409,39
长贵,1416,32
子华,1242,204
小杰,1079,367
洪强,1437,9
根林,1414,31
荣根,1425,19
菊兰,11,1433
兰花,8,1435
振祥,1423,20
利芳,106,1337
旭华,1026,416
明富,1428,14
昌林,1390,51
方明,1376,64
青梅,33,1407
学荣,907,533
佩华,268,1172
万成,1423,15
莉娜,8,1430
学红,612,826
富荣,1084,354
保成,1429,7
亚梅,16,1420
树成,1420,15
小群,434,1000
宝金,1230,204
全喜,1397,36
士明,1392,41
艳敏,67,1366
雯雯,27,1406
宏涛,1376,57
家兴,1403,29
道明,1399,32
开华,1265,166
瑞芬,39,1392
彦龙,1414,17
汉林,1389,41
吉林,1355,75
海梅,31,1399
明全,1401,27
正义,1360,68
天才,1417,11
克军,1401,26
富贵,1353,74
旭升,1398,28
婵,25,1401
天生,1402,24
国发,1412,14
少英,235,1190
利英,46,1378
桂娟,8,1416
小卫,1192,230
绍明,1375,46
舒,548,873
胜强,1404,17
金勇,1404,16
寒,904,516
兆军,1401,18
荣芳,397,1022
金春,1164,254
国兰,68,1350
志才,1405,13
德昌,1402,16
艳娟,7,1410
爱东,1039,378
长河,1398,19
秀琼,24,1393
艳青,420,997
献忠,1374,42
志富,1397,19
春元,1243,173
俊荣,728,687
永民,1387,27
新辉,1243,171
志坤,1316,98
建章,1385,29
双林,1314,100
亚华,561,852
保民,1397,16
益平,1219,194
金松,1371,41
大成,1392,20
增,1300,112
瑞云,399,1012
定国,1381,30
一峰,1356,54
碧霞,23,1386
雪锋,1239,169
金连,252,1155
国元,1357,50
振武,1388,19
云山,1390,17
燕芬,12,1395
国有,1394,12
光宇,1327,79
祥龙,1391,14
方方,353,1052
福龙,1395,10
明文,1319,86
景辉,1294,111
隽,774,630
元华,1076,328
占海,1389,15
大华,1218,186
玉君,773,630
彩娟,11,1391
丁,1164,237
剑英,479,921
兰芬,22,1378
红飞,975,424
兴伟,1348,51
小静,150,1249
晓旭,838,560
正芳,446,952
天宝,1366,32
忠辉,1326,70
丽辉,211,1184
爱珠,14,1381
晓清,576,817
伟芳,314,1079
旗,1177,216
梅兰,10,1383
庆元,1307,85
妹,58,1334
龙生,1377,14
运生,1357,34
常青,1196,195
成祥,1380,11
广成,1377,13
宗明,1322,68
骞,1259,130
荣富,1367,22
永乐,1323,66
大林,1334,54
忠强,1375,13
根娣,13,1375
国章,1373,14
贵军,1362,24
一帆,1109,277
昌平,1237,148
璞,1054,329
军锋,1355,28
玉彬,1231,152
宇航,1239,144
雄飞,1348,34
志群,855,524
锴,1321,58
建秋,867,512
翠花,6,1371
海根,1366,10
智伟,1322,54
慧明,902,473
勇华,1256,119
娥,17,1358
义华,1096,278
银龙,1359,15
玉田,1281,92
美君,103,1270
海伟,1305,68
文春,1139,233
忠宝,1351,19
庆山,1357,13
华珍,81,1289
洪平,1118,252
飚,1341,28
远明,1315,54
志慧,628,740
严,1063,305
水明,1321,45
世昌,1353,12
祥军,1352,13
天平,1250,114
瑞生,1333,30
琴琴,15,1347
荣海,1334,27
德武,1347,14
爱武,559,799
正龙,1338,18
长英,178,1178
金珠,156,1199
炳辉,1325,30
明勇,1325,30
义平,1168,187
津,931,424
成杰,1280,75
忠军,1325,30
月平,641,713
玉琼,49,1305
文艺,1115,238
洪峰,1313,39
美容,17,1334
齐,1098,253
文雄,1318,33
来,1209,141
贵荣,919,430
正刚,1336,12
小芹,42,1306
玉连,213,1135
炼,1041,306
洪君,1220,127
敬东,1223,124
国旗,1322,25
大平,1109,237
德喜,1316,30
志兰,51,1295
万福,1313,32
金德,1321,23
振涛,1330,13
丽波,200,1142
明友,1314,28
华斌,1297,44
维东,1311,30
松青,1141,200
能,1192,148
军明,1311,29
海祥,1328,11
孟,1157,182
国松,1327,11
立斌,1286,52
惠君,304,1034
艳飞,619,718
正英,149,1188
江红,567,769
运华,994,342
汉,1303,33
明志,1304,31
露露,269,1066
会敏,251,1084
新良,1271,63
梅珍,14,1320
书明,1234,99
会玲,25,1307
凤香,17,1314
银凤,28,1303
正红,823,508
明涛,1293,37
振清,1193,137
安华,1081,249
永琴,52,1278
书文,1147,182
东阳,1249,80
敬华,844,485
翀,1124,204
志义,1302,26
汉生,1290,38
小君,578,750
凤艳,45,1283
文宝,1235,92
慧丽,15,1312
美珠,24,1303
新杰,1199,128
国正,1306,21
景明,1270,57
正海,1312,14
永财,1312,14
华忠,1302,24
春良,1289,36
福民,1298,27
乐平,1014,310
凤杰,428,896
友军,1302,21
亚芹,19,1303
洪华,1018,304
长平,1115,207
艳伟,842,479
菊萍,16,1305
俐,118,1203
世成,1303,18
冬林,1151,170
占林,1301,20
绍文,1275,45
文凤,187,1132
静芳,40,1277
涌,1233,82
华龙,1304,11
旭红,425,889
忠英,268,1046
爱凤,17,1296
水华,1000,313
玲芳,28,1285
盈,284,1029
文化,1156,157
桂军,1162,151
淑凤,8,1305
贞,223,1089
德峰,1295,17
景峰,1274,38
泽林,1240,72
俊山,1294,17
明哲,1233,78
素清,85,1226
小康,1248,62
家富,1286,24
思远,1163,147
洪光,1261,49
申,1181,129
启,1238,71
树强,1293,16
云杰,1029,279
成玉,916,391
维民,1259,48
明秀,170,1137
朝明,1259,47
福珍,238,1068
正兴,1283,23
书林,1221,84
家军,1292,13
洪兵,1284,20
义明,1247,57
晓洁,82,1222
卫锋,1268,36
志霞,29,1274
保全,1291,12
俊海,1288,14
元明,1262,40
爱君,285,1016
根荣,1238,63
桥,1132,168
建根,1288,11
海辉,1194,105
伟新,1206,93
华兵,1272,26
延平,1033,265
学龙,1280,18
有福,1287,11
耀文,1218,80
万华,1058,240
福山,1279,18
品,906,390
林军,1252,44
一凡,1004,292
林英,75,1220
登科,1282,13
彩平,211,1083
武军,1253,40
海金,1165,128
娴,16,1276
云凤,92,1200
慧芬,11,1281
德仁,1271,21
水金,1012,279
小庆,806,484
宝利,1185,105
中良,1275,14
新元,1185,104
小金,768,520
成志,1269,19
海潮,1217,70
灏,1177,110
荣明,1244,42
金标,1272,13
风华,641,644
明发,1270,14
振芳,682,602
美萍,11,1273
屹,1018,266
新江,1254,30
金旺,1273,10
福才,1266,16
亚民,1151,130
庆梅,66,1215
桐,1016,265
志芬,107,1173
昂,1160,119
伟涛,1243,35
志胜,1259,19
长文,1235,43
想,926,351
景山,1253,23
雅娟,8,1268
秋燕,24,1251
少雄,1239,36
秀珠,20,1255
金菊,21,1254
晓晨,846,429
良平,1121,153
树,1187,87
彦华,662,612
长兴,1253,21
正清,1127,146
春亮,1223,50
洪国,1256,17
海刚,1262,10
世超,1178,93
根华,1174,97
凤娥,22,1248
永俊,1156,114
元生,1238,32
永洪,1196,74
云珍,84,1186
其林,1233,36
保生,1251,18
海凤,109,1160
建永,1248,21
昌荣,1103,166
晓蓉,24,1244
雪霞,11,1257
秋艳,13,1255
丽蓉,7,1260
治军,1242,24
新刚,1259,7
学梅,26,1239
兴武,1244,20
先平,1048,216
俊良,1241,22
小忠,1231,32
树民,1235,27
祖华,1124,137
亚斌,1162,99
志德,1239,22
真真,86,1175
文金,1154,106
银生,1232,28
忠诚,1242,17
成忠,1237,20
维忠,1233,23
燕梅,2,1254
伟丽,26,1229
玺,1031,224
志宇,1176,79
燕军,1009,245
文星,1151,103
建鹏,1229,25
赞,1038,216
小涛,1160,94
德红,769,484
其明,1216,37
建和,1202,51
超英,458,795
福良,1235,17
鹏举,1228,24
金昌,1239,13
士华,905,346
群芳,117,1134
兴福,1219,32
明才,1244,7
世春,1089,162
志钢,1240,10
玉云,292,958
传海,1234,16
永义,1220,29
幸福,1176,73
泽军,1225,24
桂枝,103,1146
天文,1194,54
小慧,114,1134
立生,1225,23
明峰,1215,32
三妹,37,1209
荣伟,1189,57
凤龙,1205,41
红莲,15,1230
印,1140,105
彩珍,17,1227
金金,528,716
云香,40,1204
仁义,1212,32
前,1057,186
志和,1217,26
德俊,1164,79
加林,1183,59
建功,1225,17
连芳,362,880
利伟,1106,136
莲花,10,1231
广志,1227,14
明娟,11,1230
克华,1040,201
莉娟,7,1233
克俭,1153,87
玉虎,1231,7
学亮,1218,20
骁,1122,116
绍平,1109,128
江林,1157,80
少文,1070,166
冬明,1129,106
春和,1169,66
全生,1218,17
跃平,1051,184
红宇,751,484
燕妮,9,1226
小海,1193,41
鸿雁,310,924
正权,1217,17
荣花,29,1203
广荣,867,365
世斌,1213,19
平生,1185,46
垒,1152,79
丽香,12,1219
海洲,1203,28
明建,1193,38
春妹,20,1210
金鑫,1095,135
富华,1010,220
金喜,1122,106
春娟,10,1218
月玲,19,1209
莉华,38,1190
大龙,1207,21
少敏,662,565
启龙,1213,13
文礼,1183,43
伟波,1166,60
会芳,81,1144
成英,184,1041
明超,1170,55
光文,1173,51
金锋,1178,46
红强,1191,33
卫卫,776,448
志毅,1172,51
海超,1139,83
荣祥,1194,27
绍辉,1170,51
耀武,1188,32
世友,1200,20
华芳,166,1054
瑞萍,32,1188
佩佩,99,1120
豪杰,1182,37
兴祥,1204,14
晓虹,125,1093
文达,1189,27
家文,1154,62
春成,1201,15
继国,1203,13
云兰,29,1186
冠华,1059,156
高明,1190,24
卫峰,1184,30
广伟,1177,36
安明,1168,45
元平,1037,176
红刚,1195,18
志发,1200,13
成福,1195,17
荣春,1033,179
建发,1202,9
丽媛,4,1207
奇峰,1180,31
兴元,1180,31
英姿,38,1173
蒙蒙,469,741
晓雷,1092,118
海玉,710,500
晓松,1078,132
素娥,12,1197
小光,1126,83
易,854,355
瑞清,797,411
志中,1185,23
建义,1166,42
洪兴,1196,12
国山,1200,8
荣杰,1049,158
小琼,42,1165
玉妹,15,1192
国敏,755,452
会明,1065,142
建南,1100,106
林根,1184,22
秋莲,18,1188
珠,453,752
世刚,1193,12
险峰,1091,114
树青,995,210
宝峰,1164,41
瑞强,1183,21
海建,1164,40
洪喜,1176,28
明兰,46,1157
会民,1110,93
国仁,1183,18
玉青,553,648
明智,1127,74
东霞,37,1164
冬平,872,327
志勤,835,364
文青,753,446
凤海,1180,17
家辉,1161,36
春国,1181,16
友林,1142,55
利锋,1100,96
有林,1163,33
伟清,932,264
启军,1176,20
安全,1169,26
明武,1182,13
红雨,785,409
红兰,13,1181
文莉,24,1170
春涛,1091,103
小莲,26,1167
成斌,1173,20
玉飞,903,289
新发,1176,16
彩莲,23,1167
利敏,405,785
长利,1140,50
利娜,7,1181
云锋,1147,41
永旺,1180,8
中文,1144,44
碧华,191,997
明飞,1046,141
爱芹,12,1175
泽平,1073,113
培荣,942,244
文正,1164,22
德兵,1170,15
永丰,1167,18
万祥,1166,18
利峰,1066,118
吉平,1016,168
继英,169,1014
晓玉,186,997
景云,533,650
木生,1165,18
培英,157,1026
爱清,358,825
志玲,90,1092
爱,419,763
银平,534,647
子荣,1031,150
金美,178,1003
会英,58,1123
小丹,183,998
荣光,1141,40
家福,1162,18
荣平,977,202
兴发,1165,14
文豪,1151,28
光强,1163,16
志方,1051,127
惠良,1152,26
红春,732,446
永君,1035,142
菊珍,10,1167
世祥,1159,18
玉侠,44,1133
圆,419,757
洪山,1168,8
春富,1163,13
宝红,460,716
万平,1013,162
友平,1012,163
安国,1161,14
宝兰,34,1141
立山,1160,15
世芳,401,773
姝,10,1164
保明,1155,19
宝琴,40,1134
文奎,1153,21
晓俊,909,264
庆新,1079,94
跃武,1139,34
一飞,1038,135
素贞,15,1158
有生,1150,22
仲华,1045,127
春根,1142,30
荣珍,128,1044
正勇,1157,15
长红,683,488
雪燕,22,1148
波涛,1098,72
长虹,778,392
秀连,50,1120
玉兵,1140,30
亚龙,1148,21
胜国,1156,13
继,1066,102
宝春,1008,160
江峰,1131,37
海杰,942,226
广海,1162,5
建丰,1124,41
金奎,1143,22
喜明,1112,51
英英,24,1139
启文,1108,55
陈,988,175
美菊,9,1154
亚光,1010,152
金丽,24,1138
环,347,815
茵,33,1128
景波,1045,116
忠山,1147,14
俊成,1141,20
国和,1140,20
燕君,114,1046
广利,1069,90
巧红,24,1135
延,814,345
彦辉,1009,150
金锁,1108,50
思明,995,163
凤君,661,497
连荣,609,549
永年,1111,46
新兰,43,1114
庆民,1119,38
青峰,1078,79
永玲,87,1070
忠仁,1143,13
福安,1134,22
宝君,1016,140
文友,1129,27
俊国,1128,28
广才,1141,14
元龙,1145,10
金芝,68,1087
庆利,979,176
瑞杰,880,274
晓宏,832,322
林波,1068,86
俊鹏,1118,36
玉庆,1061,93
淳,817,337
忠成,1142,11
德庆,1123,30
继生,1142,11
洪玉,752,401
炳荣,1067,85
逸,815,337
泽文,1092,60
裕,953,199
明红,539,613
芬芬,17,1135
新利,906,245
风云,288,863
伟生,1132,18
小容,50,1100
文财,1138,12
晓晓,231,918
正辉,1076,73
明学,1115,34
艳峰,844,305
爱兵,1064,85
继承,1123,26
明良,1135,14
凤丽,10,1138
实,990,158
晨曦,777,370
丽莎,8,1139
春连,196,951
子平,1027,120
新玲,64,1083
占华,900,246
广宇,1080,65
海光,1110,35
永奎,1127,18
贤明,1108,35
俊青,800,343
凤娇,10,1133
宗林,1107,36
占山,1131,11
富生,1115,27
灿辉,964,178
建卫,1080,61
素荣,69,1071
丹凤,20,1120
增强,1127,13
庆和,1104,35
明阳,1055,84
锦文,982,156
国凤,126,1012
延辉,1016,121
兆林,1102,34
治华,947,189
焰,685,451
连喜,1060,76
荣昌,1118,18
大春,1048,88
小川,982,153
有良,1111,24
金和,1090,45
克平,1014,121
全明,1102,33
菊仙,14,1120
明成,1113,21
树新,1052,82
连明,1083,51
月仙,19,1114
书军,1077,56
明丽,38,1094
君华,736,396
炳林,1110,22
丽容,7,1125
占江,1118,14
玉德,1105,27
士平,970,161
桃,413,718
永坤,1044,87
亚敏,245,886
宝昌,1118,12
永秀,174,956
庆兰,63,1066
子良,1112,16
建元,1084,44
桂杰,251,877
姗,11,1116
雷雷,984,142
成荣,880,246
美仙,15,1111
全福,1110,15
荣国,1101,24
顺平,963,162
响,947,177
小民,1042,82
雅芳,20,1104
艳云,80,1043
洪全,1110,13
祥生,1109,14
伟玲,81,1041
彩芳,27,1095
晓涛,969,153
德珍,173,949
金环,127,994
成云,778,343
学彬,1073,48
学智,1060,61
水龙,1107,14
乾坤,1085,35
江海,1096,23
力军,1023,96
国立,1086,33
翠梅,9,1110
宇翔,1051,67
国秀,200,918
成良,1101,17
红琴,16,1102
淑媛,6,1112
昌文,1077,41
秀成,1037,81
中海,1108,9
立敏,485,632
建杰,1031,85
世全,1097,19
昀,660,456
育红,267,848
万荣,883,232
永学,1074,40
晓雪,92,1022
定华,977,137
春宝,1036,78
晓蕾,107,1006
鹏鹏,1010,103
洪昌,1109,4
庆杰,930,183
小良,1049,64
传林,1051,62
振坤,1057,55
世峰,1086,26
继刚,1107,5
素敏,46,1065
秋凤,29,1082
江龙,1103,7
运,902,208
爱春,307,803
月芬,11,1098
德智,1055,54
立祥,1100,9
金利,887,222
显明,1072,37
昌盛,1098,11
永松,1087,21
玉秋,358,750
学芳,217,891
志松,1076,32
喜文,1027,80
龙江,1090,17
全林,1069,37
炳坤,1083,23
香莲,16,1090
春美,59,1046
跃东,1092,13
亚波,667,438
士伟,1062,43
家龙,1098,7
立云,519,586
小俊,840,264
团结,1074,29
利荣,681,422
密,569,534
俊岭,1009,94
祎,596,507
加强,1098,5
文香,98,1004
瑞琴,29,1072
东杰,990,110
德超,1076,24
继民,1070,30
少玲,38,1061
福忠,1084,15
万生,1089,10
明安,1073,25
加明,1073,24
金胜,1078,19
国标,1090,7
延明,1054,43
新波,1009,88
立功,1081,16
望,940,157
家俊,1045,51
伟超,1062,34
正兵,1082,14
玉光,1002,93
建亮,1081,14
凤平,410,684
美蓉,12,1082
学清,850,244
继勇,1066,27
兴民,1070,23
家胜,1083,10
娇娇,12,1081
玲娣,7,1086
士林,1045,47
秋丽,17,1075
华云,594,498
伟权,1074,18
守华,875,216
成勇,1082,9
海君,916,175
帅帅,990,101
继武,1070,20
章,1018,72
永萍,77,1013
秋芬,23,1067
会娟,7,1082
洪岩,876,213
生华,991,98
学兰,33,1056
辉辉,872,217
宝安,1063,25
子军,1065,23
汉军,1065,23
翠香,5,1083
进才,1079,9
锦秀,157,931
秋荣,495,592
小磊,965,122
雪兰,15,1072
文松,1060,27
浩杰,1057,30
宝财,1070,17
伟彬,1068,19
成立,1060,26
忠武,1072,14
庆良,1073,13
萌萌,233,853
丽丹,13,1073
元林,1037,48
春宇,887,198
宏明,1049,36
美娥,7,1077
传宝,1062,22
聪聪,615,469
连平,824,259
新年,942,141
丽玉,10,1073
刚强,1076,7
成贵,1042,40
明坤,1004,78
伟宏,934,147
瑞金,809,272
学辉,984,96
红敏,209,871
长喜,1062,18
宝根,1066,14
美娜,9,1070
玉丽,14,1065
文奇,1021,57
洪新,996,81
文标,1066,10
丽新,160,916
韵,222,854
秀山,1013,62
树山,1066,9
传文,1041,34
树伟,1039,35
春芝,75,999
明凤,92,982
爱文,597,476
金光,1040,33
玉臣,1035,37
文发,1063,9
存,834,238
旸,721,351
喜春,917,154
宏志,1041,30
春强,1052,19
海花,14,1057
玲丽,4,1066
广福,1053,17
明权,1047,22
祖明,1032,37
孝忠,1049,20
爱娣,7,1061
松山,1064,3
彩娥,4,1063
银芳,174,893
林平,827,240
旭阳,956,109
彦峰,1017,48
宝柱,1056,9
鹏宇,1004,60
四平,910,153
道军,1048,15
明胜,1051,12
垚,824,238
万红,671,391
丽文,106,956
中山,1053,9
秀金,270,792
荣强,1045,17
洪超,1011,50
国梅,56,1005
剑雄,1045,16
金洪,993,68
少鹏,1041,20
国学,1041,20
占伟,1033,28
长宝,1033,28
汉忠,1045,15
清山,1050,10
春菊,8,1052
国保,1047,13
云燕,65,995
冬香,18,1041
军杰,1012,47
树峰,1028,31
俊兰,26,1033
绍林,1018,41
健强,1048,10
友生,1049,9
雪荣,614,443
飞云,680,377
红辉,760,297
有根,1039,18
增辉,1023,33
嘉伟,1030,26
道平,942,114
宏林,991,65
艳清,251,804
东峰,1031,24
志诚,1029,26
保卫,1027,28
翠荣,35,1019
守国,1048,6
连,608,446
云良,1031,23
天亮,1037,16
冬兰,21,1032
建阳,1002,51
圣,1019,34
明俊,965,88
万龙,1048,4
兆祥,1042,10
胜平,941,111
玲娟,7,1045
新立,988,63
忠兴,1036,15
向辉,914,137
占文,1016,34
伟鹏,1033,17
海鸥,597,453
小娥,10,1039
明慧,270,778
秀秀,16,1032
国娟,12,1036
树英,104,943
金安,996,51
肖,661,385
道华,883,163
咏,569,477
月香,15,1030
维刚,1031,14
正元,985,60
瑞龙,1035,10
连海,1024,21
永宁,930,115
坚强,1020,24
兴强,1035,9
永香,116,928
燕丽,9,1034
宝文,933,110
烽,962,81
新胜,1026,17
耀军,1023,20
永坚,987,56
吉明,1002,41
小勤,324,719
洪才,1035,7
华春,837,205
维强,1030,11
雅玲,11,1030
敏芳,61,979
晓忠,1007,32
建友,1023,16
小成,1012,27
素文,213,826
庆武,1028,11
茂盛,1026,13
长勇,1017,21
晓珍,37,1001
建花,37,1001
云松,997,41
伟建,989,49
晓虎,1029,9
凤玉,315,722
永娟,6,1031
志鸿,954,83
翠琴,10,1027
振亚,966,71
建仁,1016,20
继业,999,37
宝才,1022,14
柏松,1010,26
荣兴,1019,16
金彪,1029,6
国香,151,884
庆涛,1011,24
福金,936,98
远东,1005,29
兴东,1011,23
中元,982,52
艳林,573,460
茂生,1014,19
春友,1011,22
庆安,1000,33
玉发,1020,13
飞虎,1027,6
少强,1022,10
新义,984,48
宗平,914,118
玉昌,1008,24
正春,926,106
瑞雪,203,829
晓岚,164,868
桂敏,104,928
惠霞,15,1016
广杰,927,104
艳龙,1005,25
凤清,398,632
成江,1022,8
阳春,763,267
立冬,930,100
海利,685,345
志根,1022,8
生林,1000,30
水荣,894,135
慧霞,11,1018
玉枝,82,947
琼英,14,1015
宝庆,989,39
少龙,1019,9
丽婷,6,1022
宝强,1011,16
学云,643,384
丽凤,8,1019
殿军,1011,16
光武,1012,15
国青,901,125
昌龙,1014,12
怀玉,867,159
继林,961,65
学琴,46,979
伟健,988,37
金堂,1015,9
兴全,1006,18
稳,760,263
海新,913,110
淑莲,8,1015
东兴,1008,15
少芳,115,908
正云,716,307
旦,780,243
国勤,758,264
炳生,1014,8
兴忠,1009,13
锦平,767,255
广胜,1013,9
钟,935,87
伟江,1007,15
竹,429,593
新新,454,567
家成,1014,7
伟萍,90,931
克林,982,39
永吉,994,27
季,787,233
继强,1011,9
鼎,978,42
永芬,43,977
彦斌,1001,18
良玉,604,415
文贤,778,240
祖国,1007,11
福建,988,30
长亮,1008,10
宝东,996,22
鑫鑫,660,357
金来,970,47
烈,938,79
世俊,947,70
富春,947,70
长波,970,47
余,809,208
晓秋,296,720
远华,835,181
江伟,974,42
雅君,111,905
家斌,1006,10
有志,988,28
游,859,156
占平,920,95
建山,1004,11
连杰,898,117
李,740,274
春贵,964,50
福德,999,15
明兴,988,26
华勇,995,19
赫,813,201
华文,916,98
家庆,971,42
锦标,1003,10
庆江,997,16
华新,915,98
忠福,999,14
海瑞,908,105
福清,878,135
生荣,947,65
华君,641,371
文鹏,984,27
顺林,973,38
志山,998,13
宪,853,158
梅华,113,897
双龙,997,13
广新,969,40
建才,998,11
月清,338,671
明艳,109,899
宝刚,1001,7
福庆,981,27
雄辉,971,37
香梅,12,995
天喜,979,28
正才,997,10
保山,1000,7
金木,992,15
英伟,873,134
俊民,967,39
忠生,993,13
铁山,998,7
宝库,996,9
家宝,958,47
桂菊,9,996
清梅,35,970
国中,998,7
兰萍,15,989
小彬,881,123
立海,992,11
亭,589,414
延峰,968,35
光海,989,14
竞,632,371
芝,103,899
艳茹,11,991
丽亚,37,965
守义,982,20
新德,983,19
世良,988,14
学友,980,22
小娜,19,982
彦君,679,322
连福,974,27
启荣,822,179
有军,986,15
华兴,968,33
文安,953,48
其华,852,149
林祥,988,12
培红,273,727
洪德,988,12
福昌,990,10
晓民,900,99
成亮,986,13
家国,985,14
学珍,150,849
水,877,121
立梅,24,974
举,955,43
玉全,951,47
华良,981,17
丹红,36,962
美艳,9,989
文会,659,339
天云,803,194
德坤,931,66
小翠,7,990
木兰,60,937
凤珠,46,951
红菊,7,990
玉贤,347,649
国旺,991,5
祖平,886,110
玉蓉,4,991
利辉,681,314
洪宇,904,91
耀忠,987,8
成才,986,8
振新,943,50
云林,912,81
洪云,497,496
琼芳,20,973
继龙,980,12
飞跃,889,103
家良,975,17
云贵,932,60
保红,678,314
建钢,978,13
卫芳,134,857
汉民,970,21
子豪,984,7
玉根,955,36
孝军,976,15
忠元,970,20
中秋,793,197
霜,218,772
士龙,985,5
少春,799,190
青龙,978,11
长云,628,361
明林,944,45
立柱,982,7
国银,878,109
福东,974,13
忠孝,970,17
盈盈,30,956
汉清,930,56
干,905,81
振勇,971,15
桂连,82,904
春芬,31,955
昌军,973,12
碧玉,57,928
宝民,952,33
清秀,160,825
坤明,953,32
志康,973,12
树芳,400,585
凤文,742,242
开平,871,113
丹萍,33,951
有成,967,17
金顺,930,53
军林,950,33
怀军,964,19
文瑞,850,132
思源,814,168
明金,930,52
福财,970,12
兴春,837,145
多,681,300
家勇,954,27
冬霞,17,964
伶俐,49,932
宝兴,960,21
俊武,965,16
玉双,443,537
学新,884,96
郁,566,414
继春,857,123
海莲,19,961
志金,940,40
可可,600,380
龙辉,957,22
淑花,8,971
顺英,36,943
大江,961,18
秋花,10,969
国霞,38,941
德凤,171,808
福云,552,427
立萍,43,936
葵,570,408
清清,241,737
香云,47,931
金有,957,21
木林,937,40
克文,928,49
先军,954,23
云江,944,33
岩松,878,99
广亮,973,4
智超,917,60
世东,957,19
玉勤,264,712
红花,11,965
文智,913,62
云明,935,40
伟坚,929,46
彩芬,8,966
天军,950,24
春秋,567,407
永茂,948,26
研,521,452
智军,932,41
宝海,965,8
剑明,932,40
潮,898,74
红建,904,68
凌峰,929,43
国泉,963,9
春青,591,381
成芳,304,668
娣,51,920
美燕,14,957
连香,46,925
云仙,40,931
继峰,939,32
忠新,941,30
竹青,381,590
瑞敏,301,670
少东,951,20
明礼,944,27
全民,948,23
伟亮,951,19
玉胜,949,21
福江,956,14
利生,936,33
良明,949,20
建喜,929,40
仁贵,932,36
军生,953,15
新英,61,907
健民,940,28
福君,874,94
爱青,171,796
福新,916,51
兆平,823,144
大志,946,21
德有,960,7
世新,902,65
俊祥,955,11
立芳,225,741
喜成,952,14
佩芳,31,935
立兵,937,28
成德,953,12
玉松,872,93
根宝,843,122
玉顺,827,138
立霞,19,945
金仙,72,892
洪臣,955,9
德光,939,24
志仁,939,23
中强,955,7
玉兴,865,97
胜杰,904,58
军利,803,159
绍荣,805,157
志达,946,16
明松,945,16
丽伟,327,634
瑞荣,674,287
存良,945,15
延华,584,376
树德,940,20
孝明,928,32
维林,905,55
晓雯,33,927
正武,953,6
海宾,934,25
登,886,73
桂仙,27,931
令,704,254
兴才,950,7
少君,543,414
云红,235,722
伟康,946,11
家友,941,16
天顺,951,5
国威,938,18
光勇,938,17
尚,852,103
彦杰,741,214
景荣,582,373
海棠,449,506
建富,940,15
德国,947,7
国鹏,940,14
小美,44,910
乔,652,302
沙,419,535
成山,948,5
庆刚,942,11
福臣,945,7
富林,923,29
金法,941,11
小祥,934,17
铎,897,54
红侠,22,929
元春,663,288
子强,944,7
国玲,131,820
小会,310,641
永英,86,865
金东,923,28
志会,660,290
辉煌,919,31
滢,122,828
崇,838,112
桂艳,13,937
晨阳,805,144
成富,931,18
星宇,808,141
长义,922,27
超超,812,137
启林,907,42
惠林,746,203
和生,927,22
清文,854,94
西平,810,138
俊卿,696,252
应华,792,156
文通,940,7
熠,732,215
继辉,867,80
爱连,41,905
启平,823,123
正新,898,48
荣福,926,20
金兴,926,19
万忠,932,13
惠文,490,455
红彬,841,104
林森,929,16
孝平,798,147
俊勇,932,13
文梅,37,908
士忠,935,9
燕琴,13,931
文宇,839,105
泽宇,890,54
红新,759,185
昶,870,73
伟娟,5,937
培明,904,38
淑娥,7,935
健明,877,65
伟君,613,329
立中,914,28
喜荣,387,555
传龙,934,8
美平,267,674
长国,931,10
美清,200,741
来福,921,20
友根,904,36
忠德,932,8
守明,916,24
宝霞,14,926
立超,875,65
永凤,89,850
志俊,853,86
永喜,913,26
霆,861,78
振锋,932,7
德银,851,87
学春,810,128
雪辉,548,390
月娟,4,934
鲁,856,82
洪辉,885,52
有华,754,183
晓鸣,702,235
家红,575,361
爱仙,14,922
志威,917,19
树忠,926,10
应龙,923,12
林杰,863,72
洪发,928,7
龙英,33,902
琼华,104,831
桂文,595,340
丽颖,17,917
远平,805,129
全军,917,17
超杰,889,45
艳珍,11,923
文和,907,27
传国,926,8
新福,915,19
永鹏,929,5
金钟,908,25
贝,493,440
玉艳,29,904
兴亮,924,8
民生,913,18
俊刚,920,11
万海,922,9
明芬,42,889
天荣,819,111
生明,910,20
燕群,138,792
庆英,79,850
成功,918,11
雅芬,7,922
德兰,42,887
彦红,315,614
志阳,905,23
清江,909,19
小国,910,18
永勤,557,371
海侠,40,888
益华,673,254
西,710,217
海宝,873,54
冬玲,33,894
笛,584,343
连山,914,13
桂娥,4,922
德宏,880,46
华国,910,16
立锋,908,18
汉荣,754,172
亚兵,872,54
路路,604,322
玉鹏,869,56
运良,894,31
富国,911,14
小洪,703,222
家兵,913,12
世敏,550,375
兴贵,893,31
开,824,100
春桃,192,732
松波,869,55
红武,812,112
子林,889,35
泽辉,861,62
明昌,917,6
占峰,904,19
妮娜,4,919
梅梅,4,918
水仙,69,853
玉财,902,20
洪宝,899,23
万金,882,40
思敏,342,580
国防,903,18
彦伟,857,64
富军,908,13
友谊,826,95
学仁,910,11
水泉,908,12
桂,508,412
杭,756,164
建学,886,34
红超,856,64
方平,788,132
雅静,19,901
亚新,601,319
凤萍,20,899
忠臣,910,9
芝兰,26,893
根发,916,3
承,837,81
世君,796,122
燕辉,574,344
晓琼,36,882
创,884,34
士强,911,7
江南,739,179
银霞,21,897
志立,878,39
起,869,48
军霞,34,883
凤江,895,22
庚,866,50
胜林,881,35
亚茹,22,894
宏强,908,8
冶,767,148
春刚,905,10
家新,863,52
庆霞,27,888
华民,852,63
健伟,876,38
芬芳,46,868
玲燕,4,910
银山,902,12
洪芳,241,673
惠荣,500,413
雪君,170,743
根法,906,7
兴梅,31,882
小秋,352,560
朋朋,817,95
永奇,894,18
伟祥,902,10
忠信,900,12
媚,11,901
金武,901,11
吉华,697,214
学超,863,48
永立,880,31
忠玉,678,233
红文,649,261
沙沙,65,845
俊德,900,10
天林,883,27
贇,611,299
俊雄,895,15
轲,829,81
谊,570,340
俊飞,853,57
文泉,890,19
冠,806,103
丽雅,8,901
兆龙,901,8
仁忠,903,5
小根,878,30
广英,171,737
庆锋,880,28
万强,896,12
碧,341,567
孝华,737,171
春锋,854,54
荣斌,889,19
家亮,898,10
庆松,886,22
超峰,890,17
筠,194,713
元军,888,19
根明,892,15
家春,805,102
利刚,896,10
承志,872,34
彩兰,7,899
林涛,870,35
跃文,833,72
安生,874,30
永法,897,7
连根,894,10
玉锋,844,60
立江,887,17
顺明,866,38
士英,259,645
小雄,853,50
艳东,762,141
亚强,882,21
艳英,27,876
志标,895,8
喜龙,891,11
发祥,884,18
秀容,18,884
玲华,146,756
敏霞,11,890
永贤,726,174
魏,760,140
少勇,884,16
德洪,865,35
庆喜,867,33
雪清,241,659
文彦,660,240
凤国,880,20
建权,890,9
连珍,81,818
重阳,762,137
伟群,538,361
锦芳,218,680
跃飞,805,93
振福,889,9
胜男,73,825
会珍,45,853
少红,306,592
光福,873,25
虎林,879,19
连春,747,151
卫林,816,81
奔,856,41
永雄,887,10
会霞,7,890
玉玺,832,65
旭平,724,172
利忠,879,17
中杰,846,50
成成,643,253
燕清,317,579
国森,885,11
晓武,845,51
会林,732,162
威威,688,206
德敏,526,368
燕明,567,327
文雅,150,744
仲,830,64
陆军,880,14
永会,597,296
新兵,878,15
长玉,651,242
贵英,38,855
振良,877,16
玉娇,22,871
亚宁,451,442
明宇,805,87
小蓉,14,878
庆勇,875,17
传伟,868,24
启发,885,6
音,290,601
艳菊,5,886
春琴,24,867
立权,877,14
荷花,8,883
小惠,129,762
战,836,54
光胜,878,12
润华,580,310
晓颖,76,814
敏娟,11,879
锦云,387,503
碧波,669,221
世辉,838,51
兴富,882,7
德臣,881,8
振飞,855,34
玉森,854,35
俊敏,487,402
晓星,587,302
传荣,612,276
卫中,868,19
锡明,858,29
祥荣,714,173
宏飞,822,64
丽美,6,880
秀龙,784,102
广民,878,8
惠清,359,527
广涛,876,9
慧平,320,565
德彬,868,17
忠波,828,57
明喜,852,32
继祥,874,10
瑞东,853,31
正杰,841,43
三,765,119
洪成,878,6
佩珍,19,865
士海,877,6
辉明,855,28
爱忠,812,71
彦林,817,65
安林,831,51
桂新,544,338
荣新,802,79
成波,848,33
树良,866,15
玉超,802,79
保良,868,12
素丽,7,873
宝元,855,25
香玲,14,866
贵祥,863,17
景海,868,11
海蓉,33,846
凤伟,621,258
兴波,826,53
桂祥,849,30
光友,853,26
新云,477,401
广玉,767,111
广德,870,8
士荣,531,347
培生,864,14
祥文,843,34
海元,838,39
美金,132,744
鲲,753,123
幸,472,404
碧英,15,861
耀光,855,21
景新,811,64
明达,848,27
增荣,773,102
树江,859,16
培忠,866,9
进平,759,116
庆斌,858,17
学君,671,202
良才,862,11
维娜,7,866
智文,798,75
勇平,829,44
树祥,858,15
先荣,605,268
秀青,158,714
桂玉,152,720
卫斌,847,25
新中,845,26
连忠,858,13
祥国,859,12
锦龙,863,8
光玉,555,316
继良,858,13
占东,861,9
学玲,110,760
传忠,857,13
国付,864,6
瑞莲,18,852
叶青,414,456
豹,864,5
俊宏,797,72
珍珠,64,805
素花,9,860
艳花,12,857
福兰,36,832
万江,859,9
红芬,11,856
贵福,855,12
振红,488,379
晓群,336,531
中义,850,17
成辉,836,31
家顺,840,26
玉书,612,254
耀平,793,73
万国,860,6
晓晶,157,709
光远,839,27
仁龙,858,7
小雨,475,390
佳明,791,74
桢,567,298
东山,854,11
泽伟,842,23
福田,852,13
细妹,55,810
卫萍,51,813
兴良,856,8
长辉,830,34
利兵,826,38
云强,852,12
金权,846,17
春苗,223,640
瀚,818,45
彦文,724,139
兴成,849,14
益军,836,27
小武,823,40
忠全,850,13
小三,737,125
煌,769,92
新根,848,13
进忠,851,10
云芬,21,840
淑侠,6,855
俊才,845,15
成平,733,127
光英,109,751
桂秋,264,596
道林,808,52
燕云,81,779
庆玉,638,222
吉庆,824,35
燕春,306,553
宇红,146,713
汉英,218,641
茜茜,13,846
大力,825,34
子健,834,25
连发,846,13
世宏,800,59
德泉,837,21
鸿斌,830,28
占武,848,10
定,738,120
国群,548,310
其军,846,11
红喜,772,84
万清,757,99
新祥,838,18
俊萍,40,816
骅,676,179
秀群,118,737
荣庆,822,33
泽龙,840,15
友才,844,11
锦波,808,46
长水,844,10
世锋,843,11
正德,841,13
传英,97,757
一波,743,111
智辉,795,59
招娣,5,849
祖荣,775,79
国丽,27,827
利琴,17,836
伟洪,834,19
梅娟,4,849
珉,578,275
永宝,816,37
建桥,825,28
文洁,149,704
忠和,841,12
拓,807,46
明磊,790,62
惠丽,7,845
显军,836,16
光富,833,19
秀勤,79,773
兴建,823,29
翠芬,9,842
文菊,14,837
显峰,823,28
文献,788,63
芳华,341,510
锦霞,19,831
婵娟,4,846
亚清,337,513
忠富,836,13
德旺,837,12
宝云,337,512
世云,544,305
文云,520,329
正中,831,18
晓楠,377,472
贵成,839,10
成东,837,12
延安,826,22
进明,822,26
洪民,823,25
传江,840,8
成兵,839,9
亚锋,766,82
新玉,413,435
燚,690,158
浩明,827,21
增华,720,127
振全,838,9
海静,168,679
世亮,828,19
喜民,818,29
宝泉,835,11
宗文,798,47
伟利,563,282
福泉,833,12
亚云,145,700
家全,828,17
战军,821,24
振友,838,6
文有,833,11
雅婷,4,840
兴利,730,114
清松,815,29
昌国,832,12
日明,817,27
敬伟,744,100
开军,831,12
世福,826,17
义龙,838,5
云花,12,830
素香,7,835
大荣,676,166
树梅,43,799
建方,783,59
禄,801,41
海敏,510,331
玉学,801,40
新萍,76,765
进良,830,11
彩丽,7,834
广超,820,21
春松,805,35
振斌,823,17
世玉,526,314
洪友,827,13
万山,833,7
宇鹏,805,35
明浩,817,23
彦波,725,114
云亮,817,22
仪,562,277
茂荣,728,111
振义,827,12
启东,826,13
茂军,811,27
立武,818,20
青霞,20,818
广龙,825,13
洪娟,10,828
新锋,810,28
家贵,808,29
巧丽,5,832
宏刚,829,8
红妹,10,827
利斌,799,38
清河,816,21
中军,821,15
宝江,828,8
明锋,812,24
立彬,795,41
志昌,830,6
智杰,770,66
小雪,108,728
林辉,780,56
华琴,34,802
国永,825,10
炳文,824,11
卫新,762,73
正洪,802,33
志聪,799,36
静文,181,654
宝权,829,6
汉强,825,10
万利,772,63
润平,651,183
永田,807,27
俊俊,550,284
亚静,42,792
争,659,174
金瑞,656,177
宝清,677,156
义成,825,8
功,816,17
雪军,724,108
瑞瑞,257,575
丽青,55,777
奇志,574,258
永花,18,814
汉杰,814,18
亚荣,290,542
柏,747,85
业,712,119
丽洁,11,820
永武,819,12
金坤,805,26
慧华,175,655
亚英,46,784
伟星,796,34
伟中,808,21
文渊,754,75
金清,700,129
立臣,808,21
重,762,67
正江,818,11
运平,697,132
振鹏,821,8
明元,785,44
剑文,740,89
云成,818,11
慧兰,5,824
伟胜,820,9
少青,558,270
云刚,823,5
云娟,8,820
亚鹏,794,33
锟,756,71
明顺,735,92
胜伟,802,25
远志,786,41
才华,721,106
志青,604,223
澄,610,217
添,704,123
利文,615,211
军良,811,15
宪军,813,13
长久,814,12
晓彤,311,515
合,791,35
利云,290,536
元庆,799,27
玉静,80,746
天保,816,9
宇辉,701,124
立宏,678,146
飞翔,787,37
新光,776,47
祥辉,780,43
云梅,19,804
安军,806,17
好,424,399
树全,814,9
自立,790,33
培根,807,15
宏兵,799,23
唯,456,366
世安,796,26
强华,762,60
德秀,146,676
云忠,808,14
新勇,796,26
爱勤,100,722
风琴,12,810
金飞,562,260
成友,802,19
福义,812,9
智斌,800,21
江明,782,39
飞鹏,806,14
春义,770,50
东成,812,8
安娜,8,812
珩,574,246
学飞,742,77
福胜,811,8
书英,30,789
顺生,809,10
琳娜,8,811
宗伟,794,25
丽仙,7,812
世珍,198,621
广春,757,62
澜,315,504
显华,650,168
宏生,801,17
德松,804,14
良英,47,771
普,716,102
培良,814,4
小雷,749,69
庆友,811,7
顺祥,806,12
延龙,810,8
云超,758,60
浩宇,792,26
立清,634,184
兆辉,770,48
宝臣,803,14
胜明,789,28
昌海,813,4
洪敏,316,501
立涛,775,42
世权,802,15
生龙,811,6
正友,800,17
素艳,6,810
慧军,638,178
文远,791,25
付,797,19
海南,688,127
雪良,784,31
一民,755,60
发军,806,9
希文,732,83
书生,803,12
永革,739,76
兴红,512,303
兴兰,21,793
玉亭,633,181
荣清,682,132
柳青,277,537
新东,786,27
清香,41,772
小香,22,791
景涛,790,23
怀,716,97
曙,678,134
学贵,768,44
石磊,783,29
成全,806,6
更生,781,31
跃峰,789,23
传平,700,112
忠贵,784,27
瑞丽,8,803
晓雨,412,399
丽卿,10,801
泽锋,793,18
胜辉,754,57
国艳,142,669
其,752,59
有财,802,8
晓倩,12,798
福友,790,20
志元,756,54
永智,764,46
庆彬,787,22
晓芹,13,796
歌,335,474
建党,796,13
瑞文,677,132
美秀,23,786
向群,493,315
如,388,420
礼明,778,30
天佑,788,20
勇杰,787,21
凤金,378,429
凤岐,747,60
松松,736,71
燕珍,13,794
秀枝,25,782
少武,795,12
新霞,28,779
学全,793,14
华胜,794,13
会琴,10,797
永来,795,11
元清,692,114
三元,615,191
世贵,769,37
文佳,431,375
学才,796,9
玲霞,6,799
家乐,745,60
玉群,252,553
福文,771,34
耿,756,48
树东,787,17
玉宏,642,162
广全,790,14
澎,715,89
海洪,674,129
卫英,19,784
玉章,760,43
彩,150,652
东军,768,34
彦彬,739,63
俊斌,785,17
学生,790,12
广兴,794,8
利波,661,141
荣发,791,11
荣英,58,744
建法,800,1
洪星,776,25
家玉,471,330
元成,787,14
传胜,791,10
永森,791,10
林荣,719,82
晓江,727,74
治安,784,17
万良,790,11
玉保,777,24
新友,772,28
文花,16,784
传友,781,19
淑明,229,571
静娟,6,794
自成,780,20
长志,787,13
麒,709,91
春旺,783,17
金珍,98,702
士国,793,7
忠勇,791,9
言,547,253
文聪,749,51
杉,507,293
开荣,678,121
建凤,59,740
长寿,780,19
光成,779,20
小安,717,81
慧杰,442,356
海臣,787,11
凤菊,8,790
云秀,101,697
树根,777,21
健平,684,113
连贵,776,21
子英,285,512
仲明,767,30
培芳,184,613
超华,659,138
新武,779,18
军涛,783,14
世光,786,11
书琴,44,753
秀生,724,73
彩梅,13,783
全英,76,720
会兰,13,783
先国,793,3
兰平,247,548
秀国,747,48
炳,780,15
水莲,21,774
方华,673,122
伟珍,66,729
金杰,640,154
广庆,782,12
美娇,4,790
建宝,751,43
锡华,625,169
淑美,9,784
成强,786,7
剑萍,125,668
保忠,785,8
广忠,783,10
蕾蕾,113,680
新志,768,25
卫娟,9,784
亭亭,112,680
家海,781,11
明云,460,332
胜祥,779,13
春景,472,320
祯,526,266
恩华,629,163
福刚,781,10
传波,766,25
开文,762,29
顺兴,734,57
华敏,350,441
树彬,775,16
维杰,706,85
清龙,781,10
忠友,776,15
仁德,785,6
学会,493,298
洪珍,100,690
隆,768,22
素青,86,704
淑惠,13,777
舜,713,76
士民,779,10
庆德,772,17
少娟,9,780
正发,778,11
国恩,770,18
银萍,15,773
秀伟,462,326
永浩,783,5
铁生,775,13
锦锋,764,24
香花,8,779
文韬,752,35
振发,784,3
军波,738,49
小山,743,44
万才,774,13
汉东,772,15
曼丽,5,782
秀燕,17,770
全忠,776,11
世德,775,12
蓓蕾,38,749
富明,760,26
勇辉,762,24
正斌,773,13
正兰,35,751
庆发,776,10
善明,759,27
兴德,774,12
守忠,775,11
远辉,744,42
牡丹,11,775
劼,572,214
成宝,767,19
国印,779,6
治强,778,7
银海,776,9
红莉,12,773
菁菁,33,752
仁军,774,10
晓菊,11,773
玉富,762,22
少珍,27,757
书杰,635,149
庆余,759,25
彦春,637,146
凯凯,746,37
忠贤,681,102
录,732,51
传勇,775,8
育,555,227
水良,767,15
继芳,229,553
绍武,773,9
忠云,531,251
菊平,185,597
童,578,204
惠珠,9,773
凤武,757,25
生平,708,74
俊东,759,23
日新,743,38
晓惠,87,694
晨晨,342,439
景全,774,7
云青,485,296
正富,767,14
素君,39,742
祥英,85,695
静芬,4,776
正福,761,19
亚彬,648,132
书芳,181,599
双平,606,174
纪明,764,16
亚雄,731,49
巧梅,6,774
巧兰,4,775
志建,760,19
格,444,335
喜凤,68,711
祥伟,748,31
洪卫,709,70
喜华,432,347
文洪,735,44
金土,769,9
勇明,767,11
惠强,772,6
凤臣,753,25
荣梅,24,754
沁,255,523
有平,704,74
金娟,10,768
秀全,688,90
焕明,731,47
家英,106,672
秀波,355,423
伟才,767,11
康康,728,49
东来,740,37
华成,756,21
德群,486,291
春仙,35,742
洪建,747,30
宝福,770,7
仕明,754,22
明敏,483,293
少梅,25,751
长德,769,7
凯旋,678,98
云国,767,9
景伟,737,39
子杰,743,33
伟达,766,10
全国,767,8
思华,550,225
家云,500,275
玲莉,4,771
宏霞,27,748
庆亮,768,7
其龙,765,10
天德,762,13
金芬,27,748
贤华,636,139
正光,763,11
碧珍,9,765
喜英,45,729
月花,9,765
善华,663,111
佩玲,14,760
松梅,33,741
少斌,752,22
志丹,516,258
桂贤,186,588
冬花,7,767
征宇,705,69
端,459,315
志庆,742,31
光祥,765,8
达明,758,15
亚春,418,355
宗海,770,3
新艳,65,708
兴刚,770,3
美连,26,747
健生,742,31
振云,502,270
小健,678,94
振威,759,13
德奎,760,12
艳群,96,676
德建,758,14
朗,631,141
来生,757,15
岩峰,695,77
莉丽,5,767
毛毛,547,224
成君,693,78
长庆,746,25
志有,765,6
一兵,704,67
玉安,728,43
连国,762,9
广清,687,84
爱芝,21,750
景生,764,6
志珍,139,631
开林,741,29
廷,648,121
守平,664,105
维成,755,14
元珍,113,656
玉奎,745,24
耘,408,360
书红,253,515
洪元,738,30
国方,732,36
连江,755,13
忠利,718,50
贤军,745,22
绍忠,756,11
宪华,490,277
凤花,10,757
贵珍,125,642
振德,761,6
海俊,703,63
京京,322,444
宇明,684,82
锡林,739,27
佩君,130,636
英豪,728,37
华玲,59,706
双成,750,15
忠清,698,67
祥春,687,78
军海,760,5
忠敏,508,257
世江,756,9
建标,760,4
瑞香,35,729
昌伟,746,18
立鹏,752,12
宏光,724,40
伟敏,562,202
广强,759,5
树杰,675,89
广富,760,4
汉成,759,5
凯华,654,110
清芳,223,541
绍东,749,14
林春,664,99
文卿,522,241
益群,492,271
胜勇,739,24
发林,744,18
聪明,688,74
东良,750,12
振才,752,10
利珍,76,685
宇杰,699,62
连玉,462,299
玲英,4,757
遥,574,187
国太,754,7
莉芳,7,754
海芹,28,733
育林,701,60
朝东,748,13
绍伟,732,28
翠娟,3,757
佳林,669,91
克荣,534,226
海浪,720,39
联合,749,10
军成,752,6
新全,743,15
梦婷,1,756
江山,746,11
伟兵,737,20
世兵,745,12
保才,750,7
宏武,740,17
长和,747,10
程程,193,564
小元,565,192
龙祥,750,6
经纬,704,52
培新,681,75
宁波,689,67
建科,742,14
忠东,731,25
黎黎,40,716
兆荣,600,155
龙根,743,12
洪泉,745,10
华萍,48,707
进生,747,8
东晓,615,139
占龙,749,5
跃龙,739,15
克敏,509,245
晓菲,114,640
启云,541,212
树仁,739,14
卫刚,745,8
学庆,703,50
继超,728,25
春清,511,241
雪冰,382,370
少飞,668,84
德芬,60,692
延东,723,29
天鹏,739,13
宏文,690,62
云川,697,54
翠凤,7,744
长忠,734,17
静霞,9,742
富平,658,93
云萍,37,714
继锋,729,22
新才,742,9
战胜,745,6
正坤,710,41
保玉,642,109
宏辉,688,62
瑞锋,693,57
晓海,728,22
庆祝,680,70
宏彬,717,33
全红,491,259
美春,177,572
丹华,182,567
洪权,735,14
民强,738,11
光全,736,13
素芝,12,737
会杰,502,247
克成,732,17
亚坤,491,257
秀坤,288,460
世武,741,7
庆珍,136,612
林娟,4,744
振亮,741,7
梅芬,8,739
心,411,336
焕新,615,132
成新,722,25
发荣,665,82
彩花,1,746
德水,736,11
永荣,566,181
俊豪,736,11
忠胜,739,7
丽静,11,735
菊明,575,171
明花,11,735
进财,739,7
雅文,120,625
玉叶,56,689
光春,666,79
思宇,484,261
义忠,732,12
来喜,714,30
玲珍,13,731
喜红,304,440
彦民,710,34
建秀,86,657
海雄,726,17
家珍,131,612
继宏,647,96
学金,704,39
先文,714,29
宝义,716,27
洪清,614,129
春文,648,95
安琪,192,551
俊江,723,19
清辉,676,66
长金,647,95
全华,621,121
全义,728,14
光红,524,218
彦玲,45,697
惠云,98,644
仕华,630,112
正飞,667,75
梅生,607,134
云春,560,181
广金,719,22
世金,692,49
凤义,700,41
增光,727,14
云玲,49,691
姣姣,7,733
忠亮,730,10
冬雪,140,600
树红,336,404
景玉,598,142
林松,717,23
峻峰,703,37
红民,692,48
大卫,717,23
传红,460,280
学俊,664,75
祥平,631,108
秀娣,4,735
万全,726,13
付军,720,19
兴权,726,13
亚琼,45,693
清霞,14,724
友国,732,6
新丽,20,718
欣荣,455,283
志财,731,6
东洋,691,46
春才,730,7
怀忠,727,10
士良,726,11
耀强,727,10
少荣,567,170
正忠,729,8
吉生,727,10
惠军,608,129
希平,600,136
贵清,638,98
延伟,691,45
鹏翔,719,17
金河,713,23
盛华,670,66
文健,685,51
荣良,720,16
国星,717,19
锦涛,703,32
静怡,11,724
家旺,728,6
礼平,625,109
明香,75,659
万顺,719,15
洪胜,728,6
学祥,727,7
丹妮,5,729
三平,642,92
开元,701,32
礼华,625,108
华娟,5,728
巧凤,5,728
传福,726,7
舰,654,79
宝顺,718,15
文惠,221,512
志奇,671,62
自明,690,43
兴云,480,253
海珠,249,484
兴友,715,18
贵春,660,73
中兴,716,17
艳凤,24,709
海群,391,342
传新,704,28
俊贤,612,120
晓莹,32,700
伟志,705,27
宣,504,228
延春,621,111
占荣,533,199
万青,656,76
国美,155,577
彦东,710,22
中国,721,11
成虎,725,6
志泉,712,19
祖军,719,12
荣德,719,12
有祥,725,6
韧,589,142
正全,712,19
丽娇,2,728
俊松,698,32
云志,671,59
艳芝,12,718
立坤,592,138
长新,696,33
秀利,273,456
兆国,721,8
映红,97,632
建玉,312,417
凤敏,67,662
照明,709,20
淑玉,22,706
世兰,27,701
希明,694,34
爱娥,8,720
清荣,508,220
大刚,720,8
万友,719,9
书强,716,12
双凤,38,690
士勇,722,6
春敏,290,437
树发,723,4
文芝,93,634
桂龙,709,18
铁民,709,18
德梅,37,690
先林,684,43
建庆,689,38
宏梅,12,715
少芬,23,704
占明,714,13
彧,473,254
元海,721,5
国进,705,21
少卿,491,235
宏华,584,142
守成,715,11
宗强,720,6
兴江,711,15
成发,721,5
贵忠,717,9
宪国,719,7
宝宝,621,104
桂成,693,32
亚群,197,528
延林,689,36
里,603,122
凌燕,9,716
艳琼,12,713
洪丽,26,699
景祥,717,8
德永,710,15
风兰,11,713
海水,706,18
秀海,697,27
根祥,709,15
国卫,694,30
兆云,512,212
淑慧,15,709
武斌,708,16
明会,361,363
海容,156,567
加平,652,71
仁海,716,7
有文,709,14
启祥,713,10
颜,277,446
丽贞,6,717
维英,75,648
秋琴,2,721
传斌,713,10
卫良,717,6
宝凤,48,675
进宝,707,16
贵芳,200,523
荣波,665,58
应军,699,23
启超,703,19
爱敏,88,634
俊利,491,231
云丽,8,714
国花,21,701
连祥,711,11
云福,703,19
智刚,714,7
雪龙,704,17
继斌,702,19
少清,517,204
万兴,704,16
红良,696,24
显文,695,25
传芳,273,447
宝森,700,19
美娣,5,714
海宏,611,108
银燕,35,684
韦,482,236
日华,616,102
文哲,650,68
继海,705,13
志贵,694,24
明洋,674,44
景芳,314,404
庆义,699,18
秦,401,316
传兵,711,6
军胜,710,7
新凤,54,663
文轩,659,58
泽峰,711,6
永正,710,6
宪文,678,38
泽荣,596,120
义林,667,49
兴杰,644,72
红祥,702,14
忠荣,606,110
国定,695,21
金超,680,36
进国,705,11
永宽,705,11
龙兴,708,8
本华,597,118
天伟,685,30
日,601,114
君君,269,446
凤美,32,683
文美,147,568
浩东,703,12
胜文,691,24
明高,712,3
连富,706,9
海旺,710,5
健文,650,64
建虎,704,10
义勇,701,13
京华,410,304
清兰,26,688
惠红,47,667
全成,705,9
松平,627,87
佩英,22,692
林江,695,19
高飞,682,32
连友,695,19
佩芬,6,708
利梅,5,709
凤侠,11,702
广斌,701,12
良生,707,6
金秋,369,344
志彪,708,5
树龙,708,5
昌友,696,17
传金,693,19
凤连,65,647
学松,694,18
建森,706,6
世波,663,49
铁刚,704,7
明泉,694,17
全德,702,9
红美,24,687
广山,708,3
金风,78,633
加华,618,92
东亚,607,103
吉成,703,7
桂丽,8,702
振和,697,13
洪根,703,7
文高,700,10
学杰,615,94
龙军,700,9
照,603,106
家豪,705,4
华祥,698,11
明宝,594,115
秋珍,16,693
贵龙,695,13
家发,703,5
洪庆,692,16
绍波,671,37
景军,694,14
培杰,668,40
忠斌,690,18
荷英,8,699
天赐,690,17
银辉,545,162
月凤,12,695
国根,703,4
勤华,418,289
玉武,692,15
会强,683,24
树立,678,28
秀贞,26,680
小生,687,19
庆宝,697,9
连波,638,68
贤文,676,30
小方,464,242
玉翠,13,693
杰华,598,108
军荣,541,165
东云,389,317
献,570,136
长杰,611,95
德贤,618,88
世才,689,17
瑞民,636,69
海星,630,75
俊秀,212,493
庆强,696,9
家杰,673,32
连云,328,376
洪财,696,8
汉武,697,7
翠玉,10,694
朝伟,687,17
兴安,685,19
金田,670,34
宗义,676,28
千,576,128
守林,684,19
云富,690,13
怀亮,688,15
红海,690,13
雨生,669,34
宜,422,281
伟庆,669,34
维龙,701,2
万宝,696,7
仁平,607,96
宝莲,46,657
长斌,689,13
卫杰,634,68
利芬,13,689
新星,526,176
歆,357,345
桂元,542,160
建堂,695,7
光清,620,82
雪婷,7,695
樱,23,678
桂良,658,43
富民,686,15
志利,591,110
水珍,28,673
梅玲,8,693
德琴,46,655
燕敏,59,642
俊宇,659,42
其昌,694,7
亚妮,11,690
莲芳,20,681
先红,409,292
跃忠,688,12
秀忠,634,66
洪顺,689,11
树才,690,10
文政,679,21
正茂,675,25
立秋,419,281
丹阳,308,392
兴隆,694,5
利杰,527,172
铃,214,485
春茂,669,30
英兰,9,690
艳文,349,350
月林,558,141
有为,677,21
文灿,657,41
有富,691,7
春勇,683,14
占强,690,7
孝文,661,36
政伟,677,20
增明,673,24
延生,678,19
琴英,7,690
琴华,55,642
朝勇,685,12
茂春,622,74
桂兴,612,84
文耀,683,13
伟俊,659,37
晓花,6,690
春水,668,27
元芳,221,474
志宝,676,19
火生,689,6
运涛,676,19
宏艳,54,641
成俊,647,48
炳南,677,18
晨辉,612,83
方林,656,39
朝文,665,30
桃英,10,685
东强,686,9
兰凤,7,688
学利,615,80
华芬,35,660
朝林,667,28
顺清,601,93
巧林,252,442
贵宝,649,45
中民,678,16
绍斌,681,13
忠发,684,10
云东,667,27
喜玲,28,665
振雄,678,15
志凤,69,624
宝富,685,8
万富,685,8
英梅,11,682
洪玲,34,659
培文,619,74
艳兰,9,684
振富,688,5
凤姣,8,685
宗良,684,8
开国,678,14
金库,680,12
永升,682,10
志凯,682,10
建勤,459,233
相军,679,12
春德,675,16
翊,488,203
海芬,33,658
有利,643,48
玉洪,561,130
兴涛,670,21
锦祥,686,5
雅珍,9,682
二平,574,117
月云,94,596
伟兴,681,9
雪娥,7,683
兴中,679,11
阔,629,60
庆庆,387,302
广发,683,6
继新,629,60
智平,626,63
银娣,11,678
烁,474,215
巧燕,3,686
旭波,611,77
庭,592,96
洪章,687,1
荣坤,648,40
永标,681,7
大强,677,11
成金,668,20
贵文,654,33
树云,395,292
书敏,234,453
克伟,673,14
林锋,670,17
振超,672,15
昌勇,679,8
淑静,5,682
英武,638,49
素莲,6,681
丽兰,5,681
永盛,676,10
开云,523,163
兆文,653,33
远军,673,13
桂金,308,378
玉川,628,57
保东,675,10
海权,680,5
克忠,676,9
继云,406,279
兆伟,659,25
德和,671,13
良友,676,8
凤生,646,38
丽娥,7,677
正安,655,29
利东,658,26
晓瑜,168,516
武林,659,24
安东,662,21
锦泉,673,10
小超,623,60
美琼,12,671
雪莹,23,660
广仁,672,10
华兰,22,660
加军,675,7
丽影,9,673
景平,553,129
甫,652,29
健雄,661,20
宗英,151,530
洪奎,675,6
春军,655,26
世梅,24,657
纪平,572,109
有贵,669,12
燕娜,4,677
光杰,645,35
颂,501,179
光磊,653,27
振玉,536,144
传辉,643,37
宪伟,639,41
启国,673,7
长宏,632,48
雪涛,578,101
福星,661,18
立松,655,24
中祥,673,6
桂君,248,431
永臣,675,4
胜荣,559,120
忠志,665,13
家喜,642,36
培元,654,24
传亮,672,6
秋良,597,81
仕平,603,75
兴勇,665,13
海宽,667,11
宪忠,668,10
召,634,44
风林,550,128
宏英,73,604
孝林,637,40
永敏,388,289
福康,669,8
广友,665,12
福喜,651,26
小连,130,547
迎新,395,282
新法,673,4
华安,654,23
立全,664,13
成生,668,9
荣霞,13,663
培德,665,11
会生,651,25
世鹏,664,12
永远,660,16
松明,651,25
汉良,667,9
传义,664,12
满红,313,363
铖,628,48
贤平,600,75
友文,640,35
守信,666,9
牧,578,97
仁良,667,8
颖颖,24,651
立安,658,17
海坤,624,51
怀明,646,28
淑青,47,627
广顺,663,11
艳利,168,506
世和,646,28
春鹏,646,28
金桥,629,45
子云,487,186
金军,651,22
桂秀,21,652
苏华,298,375
正波,644,29
善良,665,8
晓川,576,97
生福,663,10
宗祥,665,8
晓晴,95,578
小妮,9,663
占民,663,9
瑞春,507,165
忠学,655,17
连凤,40,632
善军,662,10
瑞国,658,14
德锋,660,11
桂青,223,448
茂松,660,11
澍,556,115
光云,500,170
海庆,631,39
根成,665,5
进文,634,36
同,637,33
生军,660,10
炳祥,663,7
宗辉,635,34
丽峰,282,387
小朋,611,58
光新,640,29
祖德,658,11
巧莲,8,661
兰芝,23,646
培强,667,2
学富,660,9
福有,649,20
成利,599,70
国盛,657,12
林山,651,17
锦生,651,17
树辉,636,32
鸽,226,442
树君,611,57
锦春,536,132
玉茹,24,643
显,595,72
占奎,660,7
运强,661,6
瑞忠,659,8
瑞良,647,20
林忠,657,10
应平,574,93
青平,470,196
山林,650,16
仙,110,556
林飞,530,136
绍云,467,199
长武,661,5
红江,631,35
特,595,71
成喜,657,9
晓坤,435,231
曼曼,27,639
再兴,650,16
荣飞,614,52
占胜,663,3
陶,479,186
云伟,624,41
宏达,651,14
南南,323,342
利新,562,103
淑春,46,619
小婷,5,659
新花,14,650
忱,531,133
永寿,655,9
家凤,94,570
光忠,658,6
淑燕,4,660
士成,658,6
瑞芝,79,585
锦洪,647,17
金江,653,11
坡,644,20
小永,613,51
伟青,462,202
有德,649,15
群峰,608,55
贵兰,14,649
满堂,642,21
小阳,494,169
保荣,423,240
运红,347,316
祖林,631,32
义文,629,34
华中,644,18
根良,657,5
成兰,34,628
苏平,377,285
白,474,188
红秀,23,639
庆富,655,7
清玉,314,348
发强,658,4
爱生,596,65
宝和,643,18
香菊,5,656
洪兰,24,637
学江,647,14
剑云,459,202
允,447,214
昌胜,651,9
东芳,151,509
跃红,310,350
逢春,545,115
仁明,646,14
元杰,624,36
成彬,643,17
耀荣,611,49
克勇,647,12
清国,648,11
文宏,584,75
见,582,77
俊军,630,29
雪春,297,362
杰明,635,24
树臣,649,10
三军,640,19
玉中,634,24
千里,621,37
东英,91,567
忠梅,30,628
敏玲,14,644
学芬,42,616
思佳,292,365
仁辉,619,38
平均,629,28
书兰,21,636
汉斌,648,9
雪冬,486,171
加兴,646,10
新权,641,15
满仓,649,7
加,570,86
坤林,633,23
旭军,631,25
华华,310,346
兆强,649,7
文书,547,108
小五,576,79
传生,644,11
树斌,642,13
来娣,5,650
春蕾,139,516
国振,650,5
永高,648,7
士文,610,45
加荣,588,67
荣刚,649,5
振学,642,12
松伟,629,25
少萍,31,623
春娣,6,648
会荣,226,428
朝红,335,319
瑞斌,629,25
顺成,638,16
有权,645,9
亚非,485,169
树刚,649,4
丽秋,20,633
瑞光,622,31
中原,638,15
永泽,642,11
爱新,291,362
双红,280,373
华梅,15,638
春田,610,43
卫清,453,199
纪伟,614,38
疆,558,94
胤,548,104
楷,618,34
绍春,594,58
梅红,15,636
高平,595,56
敏强,638,13
卫荣,515,136
德学,628,23
灵敏,311,340
艳芹,8,643
杏花,4,647
光龙,647,4
宝新,585,66
四妹,40,611
广学,636,14
庆贵,633,17
武平,612,38
贵云,353,297
云才,644,6
振光,639,11
继兵,631,19
斌华,581,69
克祥,646,4
静萍,17,632
文臣,642,7
新娟,8,641
培珍,81,568
振宏,606,43
晓冰,342,307
怀林,618,31
善平,582,67
泽斌,634,14
立娜,9,639
宏祥,640,8
胜龙,645,3
小宇,452,196
祥忠,641,7
清水,629,19
景兰,28,620
维斌,629,19
瑞刚,643,4
祥勇,636,11
吉龙,639,8
大兵,640,7
书云,207,440
秀妹,2,645
树波,617,30
旭亮,634,13
兆海,637,9
伟琴,24,622
新爱,55,591
荣亮,628,18
成群,526,120
碧芳,25,621
承华,540,106
风雷,605,41
育华,423,223
朝平,557,88
海森,636,9
义国,637,8
惠群,157,488
小琳,104,541
剑虹,322,323
德东,638,7
新旺,631,14
攀峰,602,43
迎军,548,97
凯峰,626,19
思文,487,158
雪凤,11,634
占元,628,17
荔,102,543
殿臣,640,5
立胜,629,15
文钦,570,74
辉华,525,119
发根,636,8
焕英,31,613
灿明,616,28
志虎,640,4
金中,637,7
晓航,502,141
彦芳,134,509
子成,630,13
子玉,515,128
兴玉,367,276
正宇,616,27
健辉,613,29
淑琼,7,635
清亮,621,21
昌辉,629,13
兰华,147,495
正生,631,11
龙云,545,97
春胜,629,13
忠喜,621,21
中英,132,510
传杰,599,43
永星,619,23
溪,339,303
泽强,638,4
祥海,638,3
惠莲,6,635
默,409,232
顺福,566,75
绍强,633,8
婉,12,629
洪贵,626,15
国彪,638,3
海彦,432,208
庆才,631,9
跃林,612,28
新颖,177,463
维荣,447,193
瑶瑶,120,520
金民,613,27
春飞,381,259
光兴,629,11
永存,588,52
林珍,66,574
祖良,635,5
良忠,636,4
启亮,630,10
林强,633,6
志翔,623,16
日升,626,13
廷华,557,82
水旺,629,10
德会,389,250
顺发,631,8
昌富,629,10
铁钢,633,6
广武,629,10
彩娣,5,634
延红,184,455
兴义,615,24
靖宇,568,71
义民,626,12
自军,625,13
力强,622,16
彩侠,5,633
锡平,592,46
杰文,603,34
志艳,59,578
大文,602,35
耀宗,627,10
耀林,613,24
潇潇,148,489
方军,624,13
繁荣,459,178
万,600,37
洁琼,18,619
万胜,632,4
孝,610,26
伟霞,15,621
守文,612,24
维波,550,86
卫群,284,352
富祥,628,8
传东,625,11
虎成,632,4
亚涛,584,52
洪俊,552,84
敬文,555,80
广田,626,9
会云,134,501
国宁,581,54
立学,611,24
春东,620,15
正阳,603,32
明旺,628,7
文旭,578,56
金桂,355,279
晓建,575,59
天柱,622,12
炳良,628,6
维君,441,193
书成,621,13
彦超,594,40
巴,570,64
家和,621,12
爱美,17,616
维生,617,16
正梅,34,599
木根,625,8
永鑫,604,29
银香,18,615
长庚,620,13
玉贞,76,557
维芳,160,473
文泽,614,19
晓丰,589,44
其荣,542,90
良辉,592,40
维海,626,6
列,572,60
华刚,625,7
圣华,548,84
艳涛,534,98
家忠,626,6
明章,622,10
彦飞,576,56
国钦,606,26
顺荣,552,80
为国,624,8
玉琳,171,461
福寿,622,10
家敏,341,290
金树,611,20
英军,571,60
庆全,622,9
超凡,585,46
学涛,618,13
凤波,430,201
全有,622,9
丰收,599,32
成春,579,52
德根,622,8
洪雨,579,51
志玉,370,260
献军,612,18
祥福,621,9
雪刚,622,8
准,567,63
万新,600,30
芳英,15,615
春泉,605,25
仁伟,609,21
学胜,626,4
长君,567,63
宗杰,599,30
向峰,597,32
晓健,534,95
素,87,542
祖强,622,7
妙玲,16,613
成凤,103,526
利勇,614,15
红彦,319,310
政权,614,14
国波,592,36
永元,612,16
占英,261,367
连红,243,385
长峰,614,14
岳明,611,17
小双,325,302
永禄,613,14
艳妮,1,626
育新,525,102
进荣,534,93
超平,544,83
丽慧,17,610
彩荣,122,505
小保,601,26
兴辉,593,34
自然,494,133
广财,617,10
革新,547,80
喜云,182,444
丽芹,3,623
仁祥,624,2
洪坤,578,48
雄杰,621,5
桂强,614,11
智峰,608,17
银春,379,246
静雯,7,618
孝东,614,11
顺德,594,31
华玉,250,375
元英,55,570
映,218,407
学群,377,248
家安,600,25
铁良,619,6
学国,613,11
荣江,613,11
忠权,613,11
瑞青,329,295
洪金,592,32
文锦,505,119
凤才,611,13
光义,605,19
根平,589,35
宝亮,617,7
仁国,615,9
献华,478,146
兆东,610,14
燕琼,10,614
从军,599,25
天海,618,6
满意,457,167
友祥,617,7
庆成,611,12
学山,618,5
远征,508,115
友清,532,91
水木,614,9
桑,452,171
延波,562,61
浩波,593,30
新科,601,22
贵斌,602,20
章华,564,58
传玉,441,181
善文,586,36
瑞兴,547,75
宏平,530,92
明琴,25,597
立德,608,14
红阳,488,134
景阳,597,25
朝荣,535,87
明贤,483,138
清峰,587,34
新宝,543,78
国会,420,201
建香,69,552
万东,608,13
泰,601,20
万民,610,11
杏珍,13,608
俊亮,609,12
伯林,607,14
将,607,14
连胜,611,9
剑敏,450,170
绍英,121,499
先勇,605,15
剑秋,425,195
凤娣,3,617
运来,595,25
金义,587,33
秋玉,61,559
天星,583,37
贤德,610,10
成元,601,19
桂忠,593,27
付生,612,8
伟标,615,5
金叶,131,488
雪妹,4,615
新泉,605,14
昆明,590,29
铁峰,603,16
树学,612,7
宝辉,574,45
海永,597,22
子建,602,17
安宁,507,112
付强,612,7
群华,321,298
冬秀,11,608
雅楠,79,539
银英,18,600
宝田,603,15
义祥,608,10
少兰,29,589
希军,609,9
卫琴,7,611
军英,72,546
生祥,609,9
福宝,547,71
保强,611,7
水兰,17,601
慧峰,475,143
成业,602,16
雄文,591,27
向伟,581,37
家宏,580,37
瑞君,347,270
明燕,77,540
吉利,516,101
同生,606,11
书伟,579,38
田田,146,471
兴宝,577,40
国芹,50,567
香玉,54,563
玉权,600,17
毓,304,313
广祥,611,6
洪学,607,10
祥东,611,6
一明,555,62
长远,606,10
洪燕,82,534
树田,602,14
庆敏,310,306
庆芬,42,574
水娟,4,612
剑伟,591,25
义强,608,8
成章,608,8
生贵,596,20
新喜,564,52
伟芬,46,570
世彬,599,17
冬莲,11,605
惠东,562,53
子祥,611,4
东胜,602,13
昌贵,589,26
冬菊,7,608
广云,312,303
雄英,151,464
学中,602,13
大国,609,6
胜春,548,67
登云,537,77
明根,602,12
景霞,21,593
顺龙,612,2
新涛,593,21
相林,586,28
远强,606,8
文汉,607,7
传贵,593,21
焕平,399,214
锁,582,31
妍妍,0,613
传富,606,7
玉娣,7,606
士刚,611,2
家才,607,6
杏,94,519
德森,607,6
国治,599,13
林妹,9,603
树坤,574,38
良成,598,14
燕娟,0,612
正根,602,10
华南,548,64
吉军,602,10
世兴,601,11
武强,605,7
宪明,588,24
红权,574,38
富英,58,554
凯军,583,28
传喜,593,18
凤妹,6,605
元忠,604,7
国宾,591,20
晓生,600,11
连君,488,123
敬国,599,12
伶,104,507
大红,394,217
德保,604,7
莲香,7,604
彦丽,16,594
海源,571,39
理想,552,58
万年,581,29
兴胜,604,6
加祥,607,3
惠新,446,164
金岭,555,55
中玉,441,169
立艳,34,576
根喜,594,15
文森,597,12
裕华,498,111
明科,589,20
国丰,583,26
顺强,605,4
彩燕,4,605
培峰,575,34
绍勇,601,8
传刚,605,4
彦涛,595,14
双燕,41,568
领,525,83
永莲,29,579
二伟,595,13
菊妹,4,604
进兴,598,10
连峰,593,15
立仁,592,16
振成,603,5
进福,600,8
建川,581,27
道荣,480,128
文立,546,62
晓芸,8,599
华金,507,100
东文,552,55
炳强,604,3
建周,595,12
先龙,601,6
西安,591,16
明和,582,25
成学,590,17
新会,439,168
少霞,11,595
军芳,166,440
德香,100,506
辉平,511,95
素勤,15,591
良伟,583,23
明菊,6,599
立飞,528,77
德鹏,599,6
炬,537,68
少兵,583,22
伟勇,590,15
庆阳,579,26
新贵,577,28
勇波,594,11
世洪,576,29
友志,589,16
振元,595,10
茂胜,599,5
治中,596,8
忠兰,23,581
泽生,593,11
志香,57,547
仲文,587,17
林霞,18,586
殿文,587,17
京生,568,36
爱金,72,532
秀强,577,27
文娜,7,596
锡荣,535,68
友珍,34,569
楚,438,165
瑞卿,367,236
卫江,582,21
洁华,87,516
雅莉,2,601
维红,227,376
万英,122,481
士清,540,63
振权,597,6
德波,582,21
立业,577,26
丽金,37,565
弢,534,68
二虎,596,6
喜生,587,15
培龙,591,11
治民,587,15
秋娟,1,601
翠连,9,593
美群,38,564
建财,593,9
启良,597,5
凯文,535,67
子君,408,194
建达,599,3
世发,596,6
元兴,596,6
爱斌,502,100
宝仁,587,15
义生,594,7
成红,329,272
光霞,60,541
跃生,588,13
志田,592,9
军亮,597,4
瑞海,597,4
广峰,588,13
昌云,433,168
湛,494,107
丰华,463,138
显忠,595,6
荣耀,588,13
继昌,592,8
同军,599,1
康华,543,57
建建,520,80
净,138,462
华彬,557,43
连伟,565,35
立龙,593,7
棋,514,86
相国,596,4
彦青,440,160
天贵,576,23
维良,589,10
成建,587,12
金栋,591,8
书珍,84,515
凤友,571,28
武生,589,9
大兴,585,13
桃花,5,593
丽娅,4,594
绍龙,593,5
佳敏,218,380
光银,545,53
旭霞,20,577
鉴,546,51
培成,592,5
庄,489,108
元祥,588,9
海堂,530,67
勉,396,201
锦林,552,44
惠琼,6,590
锦成,589,7
世坤,541,55
犇,573,23
建初,567,28
云侠,42,553
礼军,583,12
文仙,44,551
生辉,573,22
秀东,465,130
红娣,5,590
良荣,517,78
建顺,578,17
桂宝,413,181
华美,81,513
艳斌,473,121
连花,9,585
向平,462,132
玲玉,17,577
俊花,11,583
玲利,32,562
国泰,589,5
雪莉,6,588
德虎,587,6
月莲,5,588
世豪,586,7
启忠,589,4
正宏,566,27
胜英,129,464
占春,556,37
火根,584,9
永堂,585,8
维清,493,100
福亮,585,8
晓薇,9,584
永艳,54,539
克亮,587,6
云根,579,14
占全,587,5
化,467,125
文莲,22,570
成光,582,10
永芹,37,555
嫦娥,6,586
成飞,568,24
树元,578,14
文魁,582,10
小四,502,90
纪华,456,135
全兴,582,9
竹林,480,111
仕军,579,12
林燕,31,560
宝杰,456,135
建奎,580,11
庆超,569,22
正贵,558,33
柳英,4,587
友兰,40,551
先,423,168
广智,574,16
万昌,583,7
伟贤,524,66
来顺,575,15
国均,570,20
建湘,487,103
金川,548,42
潜,527,63
海风,378,212
松峰,574,15
永中,575,14
晴晴,64,525
昆鹏,567,22
安定,554,35
树兰,27,562
新富,584,5
晓栋,573,16
松海,573,16
彩玉,33,556
忠芳,237,352
平英,23,566
玮玮,142,447
书霞,17,572
广建,571,17
如华,419,169
现伟,581,7
力平,434,154
佳俊,545,43
祥玉,397,191
翠丽,0,588
振南,568,20
亚超,535,52
正学,563,24
顺良,578,9
贤忠,580,7
林凤,43,544
宝坤,531,56
永虎,579,8
宏峰,559,28
福仁,567,20
利亚,162,425
顺昌,580,7
红胜,564,23
雪姣,13,574
广彬,576,11
顺国,583,4
小亚,170,416
荣金,535,51
明旭,552,34
贵山,582,4
明虎,579,7
青兰,28,558
景福,577,9
俊忠,572,14
昌福,579,7
大全,574,12
雪根,574,12
伟娜,3,583
鹃,24,561
苑,86,499
喜贵,574,11
会文,463,122
金章,571,14
成安,578,7
治明,560,25
冬妹,18,567
海威,546,39
小丰,514,71
日红,366,219
兴根,578,7
德杰,536,48
嫣,4,580
朝龙,578,6
其祥,582,2
振宁,560,24
建星,560,24
亚凤,26,558
仕林,550,34
佳琪,219,365
宝娟,9,575
绍杰,520,64
和明,562,22
科峰,558,25
世元,555,28
天红,345,238
金火,569,14
仁福,573,10
立才,575,8
永达,578,5
小洁,49,534
利春,409,174
良文,565,18
春建,547,36
云翔,536,47
义兵,569,14
焕荣,338,245
冬琴,6,577
宇光,544,39
春侠,12,570
土根,577,5
艳婷,4,578
桂珠,32,550
宏建,560,22
海川,569,13
如海,571,11
铁林,563,19
福玉,438,144
云昌,563,19
浩文,559,23
红香,17,565
凤琼,10,572
晓微,46,535
彦荣,333,248
振春,556,25
银玲,37,544
江辉,536,45
耀斌,566,15
建栋,576,5
宗仁,572,9
英丽,7,574
昌武,575,6
祥斌,568,13
永芝,93,488
克胜,576,5
守强,578,3
佳慧,66,515
永钢,577,4
根福,574,7
金铭,520,61
小爱,43,537
成香,112,468
连清,429,151
焕文,541,39
建洲,567,13
艳彬,408,172
华光,549,31
斯,389,190
应,464,115
云鹤,472,107
雪东,537,42
海兴,566,13
仁强,574,5
逊,509,70
成梅,31,548
井龙,568,10
超明,550,28
世界,567,11
秋娥,10,568
云虎,575,3
林伟,540,38
天义,568,10
星华,458,120
忠庆,558,20
恋,119,459
元红,321,257
良杰,551,26
如林,536,41
艳兵,538,39
树义,563,14
焕军,538,39
荣彬,558,19
金科,560,17
惠玉,32,545
巧霞,1,575
卫生,558,18
铁英,227,349
万兵,568,8
朝忠,573,3
旭斌,557,19
西林,531,45
一新,482,94
雪敏,71,505
一军,534,41
德美,172,403
令军,554,21
星明,537,38
金磊,547,28
正山,570,5
长洪,541,34
柏青,519,56
红亚,130,444
长凤,91,483
正峰,562,12
少彬,541,33
仙花,6,568
运成,567,7
宇平,460,114
佳妮,6,568
友福,561,13
常春,499,74
燕英,20,553
远红,272,301
朝峰,563,10
金学,558,15
桂侠,6,567
定军,560,13
振利,522,51
淑军,300,273
淑范,15,558
应明,553,20
子辉,548,25
其英,66,506
华根,563,9
延庆,558,14
旭初,551,21
建威,564,8
增福,563,9
朝云,437,135
丽苹,7,565
火明,559,13
炳权,569,3
继敏,308,264
全利,537,34
秋连,37,534
维祥,566,5
兴芳,139,432
仁芳,203,368
芳玲,11,560
绍清,509,62
晓乐,333,238
传武,563,8
德法,568,3
有忠,563,7
华辉,529,41
长秀,85,485
旭伟,535,35
瑞新,471,99
如明,544,26
中成,566,4
桂福,535,35
云芝,47,523
运明,550,20
韶华,398,172
庆贺,551,18
康明,553,16
海港,562,7
维春,488,81
承军,550,19
子亮,560,8
连义,543,25
来成,558,10
燕峰,427,141
彩香,11,557
晓新,401,167
声,483,85
永仁,557,11
辛,388,180
二军,556,12
继兰,17,551
荣胜,564,4
跃民,555,13
高锋,561,7
国法,562,6
柏华,485,83
兆勇,559,9
振安,554,14
现军,564,3
绍良,558,9
进发,562,5
众,506,61
怀志,561,6
玉风,48,519
光跃,555,12
军勇,557,10
路平,401,166
伍,531,36
光敏,332,234
炳炎,558,8
宗,458,108
全海,558,8
缨,64,502
月新,331,235
永彪,562,4
宏图,536,30
喜才,559,7
云娥,5,561
士祥,557,9
永连,325,241
贵民,548,18
高华,506,60
华昌,551,15
小新,419,147
家权,559,6
树贵,548,17
海朋,550,15
云军,546,19
金满,486,79
伯华,483,82
书玲,27,538
海国,560,5
安庆,539,26
光德,558,7
日辉,546,19
春枝,66,499
洪恩,551,13
元福,549,15
清春,497,67
全新,532,32
文柱,556,8
春学,540,24
保龙,560,4
泽勇,551,13
立珍,53,511
崇华,440,124
进强,560,4
艳莉,5,559
庆昌,559,5
尚文,548,16
坤华,480,84
艳娥,7,557
四新,492,72
根元,557,6
芳琴,7,556
秀良,471,92
刚刚,561,2
辉军,542,21
瑞成,558,5
尚华,488,75
万有,556,7
吉文,540,23
亚妹,14,549
广红,316,247
有强,553,10
怀东,546,17
双华,383,180
庆有,555,8
春莉,8,555
培玉,338,225
宗军,560,3
安祥,551,11
进喜,544,18
喜庆,527,35
丹青,195,367
忠江,556,6
晓露,112,450
向,453,109
文根,550,12
义红,331,231
志燕,66,496
素琼,8,553
莉红,7,554
少群,285,276
剑斌,546,15
炳新,548,13
学德,555,6
占,528,33
洪彦,442,119
克峰,542,19
水花,9,551
兰云,72,488
永哲,539,21
岳峰,543,17
志臣,556,4
仁兴,553,7
华飞,436,124
春旭,456,104
显平,461,99
莲莲,12,548
灿华,464,96
艳超,425,135
治刚,556,4
琴芬,2,558
杏英,8,552
连娣,7,553
炳忠,554,6
州,519,40
雪青,145,414
书梅,17,542
永慧,192,367
喜全,544,15
兴财,554,5
培勇,548,11
月芹,10,549
年生,545,14
宝德,546,13
长建,544,14
红雷,486,72
如军,542,16
万勇,548,10
士友,552,6
喜忠,551,7
生海,550,8
有亮,551,7
艳娜,3,555
树芬,90,468
道勇,554,4
保庆,542,16
学坤,515,42
军旗,549,8
秋波,360,197
国田,550,7
伟业,543,14
瑞芹,24,533
志铭,544,13
银珍,22,535
会丽,12,545
华亮,542,15
惠卿,69,488
守仁,548,9
闻,392,165
友成,549,8
敬军,520,37
菊生,494,62
仁林,532,24
仁荣,514,42
福权,545,11
福香,52,504
兴和,533,23
广臣,549,7
晓勤,177,379
叶飞,412,144
学凤,67,489
建朝,547,9
井华,395,161
文顺,534,22
利清,310,246
晓南,374,181
惠生,505,50
恩平,476,79
湧,538,17
守荣,374,181
向民,521,34
占良,550,5
海中,547,8
宏利,455,100
志健,531,24
建慧,200,355
延斌,547,8
华松,538,17
继福,549,6
保金,520,34
迁,479,75
继涛,539,15
英辉,443,111
永章,541,13
文田,539,15
华俊,499,55
正涛,544,10
远芳,156,398
亚青,163,391
杰锋,533,21
鹤鸣,515,38
余良,531,22
玉琪,352,201
仁和,538,15
全根,546,7
深,504,49
海虹,102,451
锦红,163,390
兆峰,539,14
鹏涛,543,10
树珍,84,468
志顺,536,16
纪文,482,70
金弟,449,103
克斌,540,12
文来,540,12
江英,34,518
文治,531,21
福玲,84,468
冬芳,47,505
怀平,465,87
庆君,484,68
伟松,539,13
明轩,511,41
玉俊,429,123
慧文,244,308
菊琴,7,545
国奇,542,10
世凯,547,5
文康,543,8
漫,124,427
海翔,522,29
立福,543,8
玲芝,7,544
翠芝,6,545
朴,462,89
玉来,514,37
国虎,547,4
明奎,540,11
大利,480,71
长兵,545,6
俊香,28,523
保利,474,77
云光,518,33
美芹,5,546
春珍,45,506
玉友,527,24
水香,28,523
银兰,5,546
增祥,548,3
志美,113,438
宗国,545,6
志鑫,526,25
锦峰,521,30
德柱,542,8
秀侠,4,546
远清,446,104
永前,535,15
嘉明,510,40
荣兰,25,525
谨,297,253
寿华,468,82
恩明,531,19
光秀,78,472
银根,538,12
林宝,394,156
长永,539,10
景亮,539,10
兰生,485,64
秀民,426,123
建农,521,28
宏海,540,9
学鹏,542,7
育明,502,47
春民,520,29
延海,544,5
君伟,513,36
清杰,471,78
选民,515,34
自华,450,99
发平,485,64
吉安,533,15
家利,460,88
保中,540,8
四军,530,18
友强,542,6
家生,542,6
怀德,542,6
徽,377,171
国连,386,162
根妹,14,534
文选,533,15
士兵,541,7
开成,538,10
庆胜,543,5
学臣,543,5
永保,542,6
玉桂,164,384
铁强,546,2
天一,484,63
俊毅,528,19
满英,21,526
加伟,536,11
琼珍,10,537
诺,280,267
学进,524,23
志朋,541,6
文彩,327,220
冬艳,17,530
赛英,15,532
天富,537,10
益新,500,47
根龙,544,3
宗武,543,3
根兴,539,7
泽云,407,139
书荣,265,281
井春,526,20
丽佳,26,520
思平,453,93
廷军,534,12
义芳,206,340
贤林,526,20
伟奇,517,29
弛,462,84
春雪,89,457
艳民,461,85
全荣,439,106
艳阳,258,287
健军,526,19
子清,484,61
艳国,522,23
凤和,517,28
建鑫,521,24
晓佳,239,306
兴斌,539,5
良春,479,65
景利,484,60
思伟,506,38
展鹏,539,5
长俊,490,54
香平,182,362
燕玉,22,522
箭,487,57
光旭,514,30
志磊,531,13
福国,536,8
成钢,537,7
世芬,54,490
书海,538,6
福堂,540,4
正亮,533,11
忠礼,537,7
仲平,497,47
玉勇,523,21
自平,489,54
清福,529,14
光兰,28,515
洪忠,541,2
林梅,21,522
耕,494,49
吉荣,408,135
汉辉,532,11
显荣,416,127
瑞波,489,54
晓风,287,256
高强,539,4
伟春,450,93
尚军,535,8
三明,523,20
敬忠,530,13
玉容,23,520
石林,523,20
军武,528,15
兴志,528,15
有国,538,5
文跃,515,28
梦华,246,296
太明,527,15
赢,387,155
天国,533,9
芸芸,6,536
友德,532,10
富根,537,5
启英,86,456
水祥,534,8
佩兰,16,526
艳侠,11,531
晓成,520,22
龙泉,529,12
年,454,87
德雄,534,7
浩亮,533,8
萱,71,470
莉君,23,518
茂森,535,6
水源,516,25
泽鹏,537,4
万松,533,8
祥瑞,499,42
彦生,528,13
小乐,364,177
清伟,515,26
建会,392,149
先云,317,224
土生,531,10
文侠,93,448
春年,395,146
洪勇,529,11
雪强,532,8
开春,482,58
家元,509,31
文栋,528,12
凤全,524,16
永先,424,116
庆宇,513,27
孝国,536,4
振宝,532,8
春蓉,7,532
远飞,480,59
立建,508,31
玉磊,491,48
晓萌,145,394
华江,522,17
镭,452,87
连顺,502,37
国礼,530,9
建浩,533,6
旭生,527,12
秀斌,455,84
丛,336,203
芳兰,11,528
荣山,518,21
大新,506,33
明堂,529,9
频,255,283
信华,474,64
金焕,207,331
万喜,523,15
进东,535,3
贵发,531,7
明洪,510,28
六妹,17,521
晋平,424,114
家洪,518,20
清军,531,7
守东,531,7
云庆,514,24
新和,506,32
少丽,5,533
军委,530,8
励,271,266
广君,509,28
德中,530,7
伟力,498,39
立雄,517,20
连兴,507,30
林虎,535,2
彦国,529,8
纬,424,113
玉先,297,239
水琴,10,526
德礼,522,14
特尔,533,3
英文,474,62
燕林,312,224
占锋,526,10
高伟,530,6
大忠,530,6
福琴,36,500
兴兵,534,2
桂海,515,21
中全,526,10
晓良,507,29
军龙,531,5
文亚,238,298
志奎,529,7
双梅,10,525
忠涛,521,14
振霞,31,504
日光,519,16
南平,474,61
铸,513,22
喜峰,516,19
瑞花,5,530
清源,495,40
大亮,532,3
维峰,522,13
明康,523,12
连宝,487,48
小微,35,500
树宝,529,6
加龙,531,3
笑笑,89,445
清和,507,27
连文,491,43
操,508,26
龙梅,8,526
天元,514,20
荣忠,527,7
永跃,516,18
德勤,401,133
根旺,529,5
桂山,520,14
鹏伟,518,16
锦萍,23,511
银珠,40,494
慧斌,471,63
雪亮,471,63
守刚,532,2
联,378,156
婉玲,5,528
宝来,515,18
勇飞,520,13
林红,161,372
敏丽,7,526
建广,531,2
新社,505,28
国卿,480,53
瑞梅,17,516
卫文,430,103
东民,519,13
风霞,13,519
建彪,531,1
泽彬,522,10
岑,240,292
忠琴,33,499
德来,524,8
碧莲,2,530
孟军,491,41
景红,212,320
文鑫,480,52
凤良,496,35
丽珊,3,528
远林,499,32
仲良,521,10
友芳,151,380
尚明,516,15
少忠,525,6
有金,472,59
明庆,500,30
祥胜,522,8
云琴,14,516
岩岩,184,346
克新,484,46
湘平,391,139
国坚,515,15
静涛,422,108
章明,518,12
海昌,524,6
莉莎,5,525
春慧,93,437
庆中,518,12
祥兵,527,3
中和,515,15
占祥,526,3
延涛,520,9
娟英,2,527
中生,527,2
红君,266,263
鸥,284,245
大胜,526,3
运祥,515,14
素侠,3,526
荣才,519,10
贵海,521,8
增军,522,7
晓卫,393,136
维佳,322,206
凤贤,91,437
运海,523,5
智鹏,516,12
坦,457,71
松杰,488,40
忠奎,525,3
坤荣,480,48
红义,493,35
开亮,517,11
冬红,148,380
其伟,512,16
留柱,520,8
本军,521,7
玄,409,119
世富,518,10
子江,520,7
正雄,517,10
占友,523,4
向丽,25,502
明中,511,16
泽东,515,12
水凤,6,521
浩军,515,12
广元,509,18
闽,362,165
明臣,523,4
汉章,523,4
海伦,374,152
坤鹏,510,16
启富,519,7
志惠,236,290
新桥,507,19
传志,516,10
道成,524,2
鸿伟,490,36
景超,504,22
传利,475,51
其文,512,14
恒军,519,7
运动,520,6
金阳,457,69
汉祥,519,6
家武,521,4
梅玉,28,497
怀英,101,424
旭芳,104,421
增林,513,12
广兰,25,500
香英,10,515
宗保,523,2
立兴,512,13
朝英,100,425
秀江,487,38
万鹏,521,4
广安,510,15
德玲,79,446
世涛,513,12
会芹,6,519
启胜,521,3
润林,462,62
荣兵,514,10
庆飞,481,43
占成,517,7
景丽,24,500
元辉,478,46
先梅,15,509
启红,325,199
顺喜,487,37
良斌,515,9
志能,505,19
友权,515,9
红叶,69,455
碧兰,11,513
宗宝,517,7
光生,512,11
文卫,470,53
贤良,513,10
三林,473,50
巧荣,84,439
军建,512,11
忠秀,153,370
正玉,289,234
加良,515,8
德霞,27,496
根富,518,5
云斌,507,16
清涛,491,32
锐锋,493,30
道文,507,15
社会,504,18
俊喜,492,30
中亮,513,9
家义,502,20
嘉文,376,146
登明,492,30
敏捷,368,154
勇兵,515,7
凤成,505,17
顺安,505,17
新田,496,26
永录,517,5
新亚,373,149
成敏,288,234
良勇,517,5
立友,511,11
双庆,475,46
宪民,494,27
永菊,10,511
明柱,517,4
荣芬,39,482
爱辉,268,253
学萍,36,485
银银,124,397
绍峰,513,8
和军,514,7
良海,511,9
进辉,485,35
旭锋,495,25
丽虹,7,513
继亮,513,7
友红,273,247
惠斌,447,73
冀,436,84
中辉,499,21
国贵,497,23
毅强,512,8
宝伟,498,22
景武,514,6
兴宇,487,33
汉波,501,18
国欣,451,68
建奇,497,22
广有,513,6
会东,498,21
可心,297,222
广勇,516,3
庆学,507,12
开发,511,8
宝发,515,4
德飞,494,25
祖兴,514,5
亮明,505,14
长坤,485,34
来根,514,5
宝香,51,468
惠梅,2,516
新妹,13,505
耀良,509,9
书民,498,20
弦,312,206
树和,514,4
传良,516,2
晓璐,90,428
陆,445,73
崇明,490,28
晓瑞,249,269
寒冰,345,173
才明,507,11
益飞,397,121
凤辉,370,148
月飞,295,223
新美,65,452
树金,482,35
红志,471,46
双英,31,486
润梅,5,512
继全,513,4
贵强,513,4
妙英,4,513
长兰,15,502
满华,274,243
成峰,508,9
艳香,8,509
春立,448,69
君平,385,132
绍刚,507,9
志均,478,38
来军,504,12
继胜,509,7
开红,359,157
和英,24,492
书,325,191
红峰,442,74
满生,499,17
典,418,98
天勇,511,5
道生,506,10
备战,507,9
晋生,501,15
守志,504,11
胜海,510,5
香华,138,377
凤喜,393,122
天翔,502,13
路明,443,72
方勇,508,7
长东,512,3
琼芬,7,508
继梅,10,505
安辉,475,40
佳杰,479,35
正喜,491,23
万发,509,5
维江,505,9
菊莲,4,510
国鑫,504,10
立光,481,33
宇华,343,171
金桃,182,332
海岩,411,103
俊发,509,5
启生,502,11
洪滨,495,18
群生,499,14
继发,508,5
天兵,506,7
占杰,462,51
春桂,253,260
长法,509,4
文双,419,94
晓会,133,380
岳军,495,18
克义,507,6
振洪,495,18
红俊,397,115
向春,434,78
玉利,380,132
洪富,502,10
国樑,507,5
贵良,497,15
友富,507,5
成秀,128,384
锦英,51,461
金翠,8,504
炳泉,505,7
风梅,2,510
祖文,495,17
继萍,29,483
桂东,461,51
三保,487,24
丽芝,6,505
绍祥,503,8
庆丽,17,494
彩艳,6,505
俊奇,494,17
华庆,465,46
昌杰,488,23
庆芝,95,416
继波,459,52
作明,499,12
友忠,503,8
世琴,24,487
飞宇,447,64
学森,499,12
卫青,252,259
光利,445,66
三毛,450,61
家银,453,57
健荣,471,39
新昌,504,6
梅林,207,303
元国,502,8
希林,488,22
光兵,506,4
凤利,362,148
天峰,498,12
占生,506,4
素杰,59,451
宏良,501,9
争光,496,14
振兰,32,478
义春,467,43
绍红,289,221
秀辉,272,238
璋,447,63
雷鸣,486,23
德康,502,7
文川,483,26
春宏,383,126
勇斌,495,14
振远,499,10
其平,449,60
春城,487,22
松江,497,12
荣成,492,17
儒,443,66
汉伟,501,8
云朋,497,12
志丽,17,492
荣秀,56,453
进伟,500,9
加福,500,9
康宁,461,48
玉慧,60,448
志银,429,79
耀民,500,8
林福,505,3
景和,502,6
菊凤,3,505
德印,500,8
贵友,494,14
武杰,499,9
春娇,13,495
文丰,484,24
书勤,279,229
舸,446,62
祥贵,490,18
永信,501,7
天民,493,15
英霞,11,497
嘉俊,503,5
焕章,467,41
蛟,475,33
作林,499,9
运龙,502,5
正和,485,22
泽英,91,416
慧珠,7,500
中立,492,15
明法,503,4
洪荣,297,210
文启,498,9
湘华,301,206
维珍,55,452
银祥,501,6
俊凯,499,8
发生,503,4
万峰,498,9
金兵,499,8
启兵,505,2
婉珍,5,502
传清,444,63
子超,488,19
占清,474,32
士新,478,28
福梅,38,468
晓莲,7,499
小进,420,86
三红,311,195
继先,458,48
君明,470,36
五一,453,53
爱月,11,495
喜珍,62,444
振喜,492,14
林云,345,161
开祥,503,3
学元,472,34
毅敏,324,182
启斌,494,12
云雷,484,22
留根,498,8
文阁,422,83
宗荣,441,64
华建,477,28
善忠,500,5
冠群,409,96
延国,495,10
元香,28,477
月荣,149,356
克武,497,8
永凯,494,11
小宏,398,107
毛,338,167
菊娣,5,499
昌义,482,22
良云,357,147
友春,427,77
亚娜,4,500
国燕,111,393
木金,417,87
晓康,466,38
海阳,443,61
传奇,493,11
贤斌,493,11
德宽,500,4
广波,471,33
万义,495,9
绍国,496,7
先兵,500,3
晓翠,4,499
盟,410,93
连庆,484,19
兆生,499,4
代华,415,87
润明,470,32
红根,485,17
芮,125,377
殿华,390,112
维兵,491,11
殿国,498,4
万杰,452,50
雪静,26,476
文坤,462,40
铁明,488,14
煦,328,174
叶红,43,459
琼琼,53,449
振洲,497,5
雪琼,12,490
梅仙,8,494
远航,462,39
学光,485,16
月强,473,28
轶群,296,205
长才,498,3
保珍,136,365
家清,439,62
锡文,475,26
代军,483,18
传德,495,6
福志,490,11
桂全,467,34
学青,299,202
剑勇,496,5
玉会,250,251
四明,481,20
汉新,482,19
家财,497,4
剑军,486,15
广和,495,5
冰洁,50,450
春安,458,42
锦坤,480,20
万云,353,147
艳慧,42,458
先伟,472,28
慧云,46,454
岳平,456,44
爱琼,15,485
华容,75,425
凤群,91,409
岳林,481,19
来发,489,11
