qid,gender,native,native_lang,ru,en
Q142857,female,Soraya,es,,Soraya
Q11113719,male,Manuel,es,,Manuel
Q1255283,male,Salvador,es,,Salvador
Q255209,female,Mercedes,es,,Mercedes
Q4200079,female,Ileana,es,,Ileana
Q4218918,female,Isabel,es,,Isabel
Q17984018,male,García,es,,García
Q18002628,male,Patricio,es,,Patricio
Q290587,female,Eulalia,es,,Eulalia
Q1431298,male,Guille,es,,Guille
Q1469911,unisex,Fran,es,,Fran
Q1469911,female,Fran,es,,Fran
Q1267639,male,Eder,es,,Eder
Q1367922,female,Esmeralda,es,,Esmeralda
Q11687769,male,Bernardo,es,,Bernardo
Q18001647,male,Cristián,es,,Cristián
Q18002404,male,Martín,es,,Martín
Q364753,male,Carlos,es,,Carlos
Q318375,male,Abel,es,,Abel
Q1414770,male,Dario,es,,Dario
Q11682230,unisex,Guadalupe,es,,Guadalupe
Q267401,male,Facundo,es,,Facundo
Q1474819,female,Sandra,es,,Sandra
Q363820,female,Delia,es,,Delia
Q1406435,male,Fermín,es,,Fermín
Q1406557,female,Fernanda,es,,Fernanda
Q18059339,female,,,,Bárbara
Q18061171,male,Constantino,es,,Constantino
Q11681755,male,Fabián,es,,Fabián
Q18030470,female,,,,Felicidad
Q18057751,male,David,es,,David
Q4475314,male,Omar,es,,Omar
Q1381659,female,Evelina,es,,Evelina
Q18061657,male,Sergio,es,,Sergio
Q18012404,female,,,,Felicitas
Q18012537,male,Eugenio,es,,Eugenio
Q11705403,female,Xiomara,es,,Xiomara
Q1495413,female,Emilia,es,,Emilia
Q1523785,male,Gil,es,,Gil
Q453722,female,Amanda,es,,Amanda
Q11736807,female,Casilda,es,,Casilda
Q1689259,female,Jimena,es,,Jimena
Q18066632,male,Nicolás,es,,Nicolás
Q1640276,female,Rosa,es,,Rosa
Q1653948,female,Marisa,es,,Marisa
Q364977,male,Adolfo,es,,Adolfo
Q11964063,female,Constanza,es,,Constanza
Q374807,female,,,,Adriana
Q376340,male,Narciso,es,,Narciso
Q1508902,female,Nina,es,,Nina
Q4677161,female,Jennifer,es,,Jennifer
Q4489019,male,Ciriaco,es,,Ciriaco
Q4515104,male,Cosme,es,,Cosme
Q18075656,male,Arturo,es,,Arturo
Q403821,female,Aida,es,,Aida
Q429948,female,,,,Laura
Q18088640,female,María,es,,María
Q11770017,female,Mariola,es,,Mariola
Q11792109,female,Nikolina,es,,nerea
Q11802399,female,Palmira,es,,Palmira
Q11814700,female,Paz,es,,Paz
Q430546,female,Liliana,es,,Liliana
Q11971424,female,Gabriela,es,,Gabriela
Q1714462,male,Justo,es,,Justo
Q1766887,male,Fabio,es,,Fabio
Q461718,female,Amelia,es,,Amelia
Q4732148,female,Brenda,es,,Brenda
Q11819382,female,Dominga,es,,Dominga
Q482671,female,Ana,es,,Ana
Q12325000,male,Lucas,es,,Lucas
Q474402,female,Amparo,es,,Amparo
Q483460,male,Anacleto,es,,Anacleto
Q1820345,female,Adelina,es,,Adelina
Q4794422,male,Arnaldo,es,,Arnaldo
Q389528,female,Irene,es,,Irene
Q18092018,female,,,,Luisa
Q18113540,unisex,Jasmin,es,,Jasmin
Q18091390,female,,,,Hortensia
Q475210,male,,,,Juan
Q479647,male,Abdón,es,,Abdon
Q4714432,female,Alejandra,es,,Alejandra
Q454274,male,Amando,es,,Amando
Q12798758,female,,,,Pierina
Q12800206,male,Riki,es,,Riki
Q4795442,male,Arnulfo,es,,Arnulfo
Q4925914,male,Gabriel,es,,Gabriel
Q1793444,unisex,Ariel,es,,Ariel
Q18095344,male,Sebastián,es,,Sebastián
Q4927979,male,Rodrigo,es,,Rodrigo
Q1873288,female,Lina,es,,Lina
Q1707169,male,Alejandro,es,,Alejandro
Q12752605,female,Carlota,es,,Carlota
Q12787035,female,Cirila,es,,Cirila
Q4962551,female,Emanuela,es,,Emanuela
Q18130894,male,Eduardo,es,,Eduardo
Q539581,male,,,,Victor
Q550506,male,Heriberto,es,,Heriberto
Q5043351,female,Carmelita,es,,Carmelita
Q5044762,female,Carolina,es,,Carolina
Q12788525,female,Ernestina,es,,Ernestina
Q1874605,male,Bruno,es,,Bruno
Q12375180,female,Sofía,es,,Sofía
Q1973797,female,Ángela,es,,Ángela
Q1819473,unisex,Leonor,es,,Leonor
Q18115751,male,Fernando,es,,Fernando
Q12899499,female,,,,Cristina
Q12900572,female,,,,Juliana
Q13137395,female,,,,Paola
Q18145967,male,Óscar,es,,Óscar
Q18107469,male,Adán,es,,Adán
Q533053,male,Elio,es,,Elio
Q1926667,female,Micaela,es,,Micaela
Q1868650,female,Lola,es,,Lola
Q1870273,female,Loretta,es,,Loretta
Q4961660,female,Bianca,es,,Bianca
Q13422887,male,Paco,es,,Paco
Q12805245,female,Vanesa,es,,Vanesa
Q13232504,female,,,,Alicia
Q13403917,female,,,,Inés
Q13415699,male,Raul,es,,Raul
Q493293,unisex,Andrea,es,,Andrea
Q574510,female,Flavia,es,,Flavia
Q1966292,male,Natanael,es,,Natanael
Q18145507,female,,,,Lucía
Q2017939,female,Paloma,es,,Paloma
Q568979,male,Mariano,es,,Mariano
Q590893,female,,,,Victoria
Q13422956,male,Santiago,es,,Santiago
Q18175382,male,Simón,es,,Simón
Q2045138,male,Pablo,es,,Pablo
Q13501137,male,Jon,es,,Jon
Q5057224,male,Ceferino,es,,Ceferino
Q5051251,female,Catalina,es,,Catalina
Q5212616,male,Damián,es,,Damián
Q2130276,female,Ramona,es,,Ramona
Q607350,female,Virginia,es,,Virginia
Q18156205,male,Conrado,es,,Conrado
Q601533,female,Montserrat,es,,Montserrat
Q2177960,male,Ruy,es,,Ruy
Q2190619,male,José,es,,José
Q4963425,female,Luna,es,,Luna
Q5202338,male,Cándido,es,,Cándido
Q18177180,male,Armando,es,,Armando
Q628471,male,Donato,es,,Donato
Q5347966,male,Egidio,es,,Egidio
Q602559,male,Baldomero,es,,Baldomero
Q602977,unisex,Simone,es,,Simone
Q617272,female,Josefa,es,,Josefa
Q13957919,male,Ademar,es,,Ademar
Q576194,unisex,Alba,es,,Alba
Q607395,male,Calixto,es,,Calixto
Q13589249,female,,,,Valentina
Q13610143,male,Mark,es,,Mark
Q18177321,female,Andrea,es,,Andrea
Q18176602,male,Sigfrido,es,,Sigfrido
Q5361701,male,Eliseo,es,,Eliseo
Q2063876,male,Paulino,es,,Paulino
Q2140291,male,Reinaldo,es,,Reinaldo
Q2163131,male,Rolando,es,,Rolando
Q18175760,female,,,,Eliana
Q18176338,male,Fausto,es,,Fausto
Q18180808,male,Alfonso,es,,Alfonso
Q13577249,male,Mateo,es,,Mateo
Q18194774,female,Roberta,es,,Roberta
Q5371795,male,Emilio,es,,Emilio
Q5379866,female,Enriqueta,es,,Enriqueta
Q2363857,female,Antonia,es,,Antonia
Q645734,male,Alfredo,es,,Alfredo
Q655739,male,Homero,es,,Homero
Q18190931,male,Osvaldo,es,,Osvaldo
Q2275264,male,Severino,es,,Severino
Q18182719,female,,,,Angélica
Q2367525,male,Julio,es,,Julio
Q632264,female,Olivia,es,,Olivia
Q5549269,female,Engracia,es,,Engracia
Q5550225,male,Gerardo,es,,Gerardo
Q18182624,male,Román,es,,Román
Q14346236,male,Jorge,es,,Jorge
Q13762856,female,,,,Beatriz
Q659041,female,Aloisia,es,,Aloisia
Q681468,male,Enrique,es,,Enrique
Q2598693,male,Luis,es,,Luis
Q18201504,male,Adrián,es,,Adrián
Q2605655,male,Ángel,es,,Ángel
Q5658250,female,Adoración,es,,Adoración
Q5671487,male,Amado,es,,Amado
Q2395736,male,Tato,es,,Tato
Q2527460,female,Violeta,es,,Violeta
Q2598231,female,Ximena,es,,Ximena
Q18199014,male,Domingo,es,,Domingo
Q18186517,female,,,,Federica
Q18190437,male,Adalberto,es,,Adalberto
Q5606846,female,Sonia,es,,Sonia
Q14437342,female,Mariana,es,,Mariana
Q14516546,male,Daniel,es,,Daniel
Q5671524,male,Amador,es,,Amador
Q5713173,male,Avelino,es,,Avelino
Q769032,male,Augusto,es,,Augusto
Q694010,male,Virgilio,es,,Virgilio
Q2372965,male,Marcelo,es,,Marcelo
Q15238531,male,Antonín,es,,Antonín
Q15303969,male,Franco,es,,Franco
Q18211002,female,Justina,es,,Justina
Q18212398,male,Casimiro,es,,Casimiro
Q18218536,male,Ramón,es,,Ramón
Q2605834,unisex,Jaime,es,,Jaime
Q2647883,male,Oswaldo,es,,Oswaldo
Q2737173,female,Julia,es,,Julia
Q15620295,male,Miguel,es,,Miguel
Q792438,male,Belisario,es,,Belisario
Q18200023,male,Gaspar,es,,Gaspar
Q18219548,female,,,,Raquel
Q18220000,male,Cristóbal,es,,Cristóbal
Q829665,female,Eva,es,,Eva
Q5715168,female,Azucena,es,,Azucena
Q5724869,female,Begoña,es,,Begoña
Q18218532,male,Raúl,es,,Raúl
Q740790,female,,,,Petra
Q748433,female,Matrona,es,,Matrona
Q715611,male,Serafino,es,,Serafino
Q734575,female,Gloria,es,,Gloria
Q831559,female,Silvana,es,,Silvana
Q14936073,female,Susana,es,,Susana
Q15208593,female,Francisca,es,,Francisca
Q18201513,female,Sarah,es,,Sarah
Q2834804,male,Alfio,es,,Alfio
Q2849912,male,Aniceto,es,,Aniceto
Q18204275,male,Pascual,es,,Pascual
Q2936353,female,Claudia,es,,Claudia
Q2737004,male,Juan Carlos,es,,Juan Carlos
Q3051870,female,Elvira,es,,Elvira
Q15630581,male,Guillermo,es,,Guillermo
Q5725770,female,Benita,es,,Benita
Q5727354,female,Betsabé,es,,Betsabé
Q5732225,male,Borja,es,,Borja
Q831245,female,Ivana,es,,Ivana
Q5790569,male,Timoteo,es,,Timoteo
Q15635200,male,Aureliano,es,,Aureliano
Q15646190,male,Gustavo,es,,Gustavo
Q18220847,male,Leonardo,es,,Leonardo
Q5802805,male,Deogracias,es,,Deogracias
Q5807533,male,Dionisio,es,,Dionisio
Q15696803,male,Ulises,es,,Ulises
Q5849220,female,Estefanía,es,,Estefanía
Q2793617,female,Teresa,es,,Teresa
Q837124,female,Silvia,es,,Silvia
Q18220016,male,Ignacio,es,,Ignacio
Q833345,female,Sara,es,,Sara
Q2880923,male,Mauricio,es,,Mauricio
Q5757848,male,Casto,es,,Casto
Q5788600,male,Cornelio,es,,Cornelio
Q15727141,male,Felipe,es,,Felipe
Q5830730,male,Emeterio,es,,Emeterio
Q5832317,female,Encarnación,es,,Encarnación
Q15720871,male,Ricardo,es,,Ricardo
Q3057262,female,Lolita,es,,Lolita
Q834473,female,Bonita,es,,Bonita
Q857583,female,Lorena,es,,Lorena
Q3217808,female,Lara,es,,Lara
Q15816560,female,Anabel,es,,Anabel
Q18229323,female,Conchita,es,,Conchita
Q18324380,female,,,,Reina
Q18325192,male,Ambrosio,es,,Ambrosio
Q3362622,male,Mario,es,,Mario
Q840496,male,Blas,es,,Blas
Q837839,female,Esther,es,,Esther
Q18220126,male,Eusebio,es,,Eusebio
Q15836319,male,Natalio,es,,Natalio
Q3438276,male,Rodolfo,es,,Rodolfo
Q18224405,male,Víctor,es,,Víctor
Q18220890,male,Hilario,es,,Hilario
Q3315273,female,Alda,es,,Alda
Q15897419,male,Pedro,es,,Pedro
Q18221199,male,Alejo,es,,Alejo
Q847179,female,Paula,es,,Paula
Q858406,female,Gema,es,,Gema
Q15905580,male,Roberto,es,,Roberto
Q904455,female,Lydia,es,,Lydia
Q6010179,female,Mencía,es,,Mencía
Q6016485,female,Millaray,es,,Millaray
Q5853744,male,Ezequiel,es,,Ezequiel
Q18327976,male,Jesús,es,,Jesús
Q16275723,female,,,,Esperanza
Q16275951,male,Giraldo,es,,Giraldo
Q5850421,male,Julián,es,,Julián
Q16154282,male,Arían,es,,Arían
Q951694,female,Vanessa,es,,Vanessa
Q867471,male,Cipriano,es,,Cipriano
Q18341238,male,Néstor,es,,Néstor
Q18352926,male,Santos,es,,Santos
Q5861941,male,Filemón,es,,Filemón
Q5869720,male,Froilán,es,,Froilán
Q5878908,male,Gerson,es,,Gerson
Q3603322,male,Abundio,es,,Abundio
Q3576980,male,Álvaro,es,,Álvaro
Q15918630,male,Bartimeo,es,,Bartimeo
Q15925029,male,Quirico,es,,Quirico
Q18398326,female,Yurina,es,,Yurina
Q3604577,male,Acisclo,es,,Acisclo
Q3579048,male,Diego,es,,Diego
Q3607808,male,Alarico,es,,Alarico
Q5972176,male,Leandro,es,,Leandro
Q965991,male,Jimeno,es,,Jimeno
Q16275625,male,Edmundo,es,,Edmundo
Q18534268,male,Rubén,es,,Rubén
Q18552177,male,Alonso,es,,Alonso
Q18515514,male,Albano,es,,Albano
Q18342089,male,César,es,,César
Q900312,female,Celia,es,,Celia
Q5915090,male,Indalecio,es,,Indalecio
Q5971854,male,Lautaro,es,,Lautaro
Q6018306,female,Mirtha,es,,Mirtha
Q962602,female,Eugenia,es,,Eugenia
Q995385,female,Fabiana,es,,Fabiana
Q3608978,male,Alcibíades,es,,Alcibíades
Q16279539,female,,,,Mirabel
Q16278419,female,Lidia,es,,Lidia
Q16278416,male,Liberto,es,,Liberto
Q6044348,female,Noelia,es,,Noelia
Q18402192,male,Evaristo,es,,Evaristo
Q6115300,female,,,,Paulina
Q6119607,female,Jacoba,es,,Jacoba
Q18402148,male,Pepe,es,,Pepe
Q18571610,female,Rebeca,es,,Rebeca
Q16279224,male,Maximiliano,es,,Maximiliano
Q3608768,male,Albino,es,,Albino
Q6122271,male,Saúl,es,,Saúl
Q3618441,male,Antero,es,,Antero
Q18416923,male,Basilio,es,,Basilio
Q16276024,male,Gómez,es,,Gómez
Q3612844,female,Almudena,es,,Almudena
Q3613727,female,Amaya,es,,Amaya
Q16281307,male,Servando,es,,Servando
Q16282533,male,Vladimiro,es,,Vladimiro
Q6110746,female,Jacin,es,,Jacin
Q18558694,male,Gregorio,es,,Gregorio
Q18560474,female,Cayetana,es,,Cayetana
Q6147790,male,Tobías,es,,Tobías
Q3621194,female,Araceli,es,,Araceli
Q1000387,female,Ferdinanda,es,,Ferdinanda
Q6204496,male,Joaquín,es,,Joaquín
Q6173679,female,Ángeles,es,,Ángeles
Q3655176,female,Candelaria,es,,Candelaria
Q1001781,male,Buenaventura,es,,Buenaventura
Q16277367,male,Jerónimo,es,,Jerónimo
Q1003165,male,Fortunato,es,,Fortunato
Q3637907,female,Belén,es,,Belén
Q18609976,male,Valentín,es,,Valentín
Q3664222,unisex,Celeste,es,,Celeste
Q3664307,male,Celso,es,,Celso
Q1043619,female,Carmen,es,,Carmen
Q6291381,male,José Antonio,es,,José Antonio
Q6296301,female,Natalia,es,,Natalia
Q16290301,male,Horacio,es,,Horacio
Q18643468,male,Bonifacio,es,,Bonifacio
Q1096053,female,Daniela,es,,Daniela
Q1096615,female,Imelda,es,,Imelda
Q3622712,male,Aristóteles,es,,Aristóteles
Q3627689,female,Asunción,es,,Asunción
Q16420568,male,Óliver,es,,Óliver
Q16424000,male,Rafael,es,,Rafael
Q1036095,female,Jacinta,es,,Jacinta
Q16323364,male,Ernesto,es,,Ernesto
Q1093061,male,Ciro,es,,Ciro
Q16424241,male,Franklín,es,,Franklín
Q16429055,female,,,,Tristana
Q16430098,female,Karina,es,,Karina
Q6449552,male,Isidro,es,,Isidro
Q1066178,female,,,,Aurora
Q1069139,male,Romeo,es,,Romeo
Q1069827,unisex,Rosario,es,,Rosario
Q1069827,female,Rosario,es,,Rosario
Q1069827,male,Rosario,es,,Rosario
Q6562541,male,Sabin,es,,Sabin
Q18699745,male,Flavio,es,,Flavio
Q18608239,unisex,Abril,es,,Abril
Q1098116,female,Ariadna,es,,Ariadna
Q1097621,female,Angelina,es,,Angelina
Q1043555,male,Carmelo,es,,Carmelo
Q6481011,male,Isidoro,es,,Isidoro
Q18704418,female,Nieves,es,,Nieves
Q3686044,female,Concepción,es,,Concepción
Q3687662,female,Consuelo,es,,Consuelo
Q18655671,male,Francisco Javier,es,,Francisco Javier
Q16623928,male,Zoilo,es,,Zoilo
Q16532052,male,Berenguelo,es,,Berengario
Q6753023,female,Manuela,es,,Manuela
Q16619921,female,Urraca,es,,Urraca
Q16620432,male,Vasco,es,,Vasco
Q16630793,female,Setefilla,es,,Setefilla
Q16741111,male,Vicente,es,,Vicente
Q18978294,male,Celestino,es,,Celestino
Q16577646,female,,,,Melina
Q16595417,female,,,,Remedios
Q16600098,male,Sancho,es,,Sancho
Q18755442,male,José María,es,,José María
Q18920947,male,Hernando,es,,Hernando
Q18950727,male,Juan Pablo,es,,Juan Pablo
Q1125977,male,Octavio,es,,Octavio
Q3771900,male,Glauco,es,,Glauco
Q6760124,female,,,,Margarita
Q6903537,male,Jacinto,es,,Jacinto
Q18844235,female,Genoveva,es,,Genoveva
Q18940825,male,Juan Antonio,es,,Juan Antonio
Q18978307,male,Danilo,es,,Danilo
Q6757805,male,Marcos,es,,Marcos
Q1130594,male,Agapito,es,,Agapito
Q1142232,male,Javier,es,,Javier
Q3792162,female,Ifigenia,es,,Ifigenia
Q1120182,male,Braulio,es,,Braulio
Q1120708,female,Marina,es,,Marina
Q16833196,male,Lope,es,,Lope
Q16868070,male,,,,Félix
Q17080647,female,,,,Andreina
Q17145207,male,Macario,es,,Macario
Q17386613,male,José Carlos,es,,José Carlos
Q3838785,female,Lucina,es,,Lucina
Q3816924,female,Lourdes,es,,Lourdes
Q1150993,male,Claudio,es,,Claudio
Q3701181,male,Dalmacio,es,,Dalmacio
Q3737892,female,Fabiola,es,,Fabiola
Q17486172,male,Agustín,es,,Agustín
Q3852399,female,Maura,es,,Maura
Q1167150,male,Mauro,es,,Mauro
Q1114146,female,Clara,es,,Clara
Q7141520,male,Antonio,es,,Antonio
Q3841942,female,Macarena,es,,Macarena
Q7201446,male,Francisco,es,,Francisco
Q6911367,female,Morena,es,,Morena
Q7038725,female,Dolores,es,,Dolores
Q19688401,male,Efraín,es,,Efraín
Q19273889,male,Íñigo,es,,Íñigo
Q19561459,male,Humberto,es,,Humberto
Q19688405,male,Elías,es,,Elías
Q19688438,male,Germán,es,,Germán
Q1163454,unisex,Pilar,es,,Pilar
Q1163454,female,Pilar,es,,Pilar
Q16799105,male,Alberto,es,,Alberto
Q17496543,male,Esteban,es,,Esteban
Q7220104,female,Rocío,es,,Rocío
Q1178265,female,Modesta,es,,Modesta
Q1177472,female,Minerva,es,,Minerva
Q17520955,male,Marco,es,,Marco
Q19688549,male,Héctor,es,,Héctor
Q19688586,male,Hernán,es,,Hernán
Q7296213,male,Luciano,es,,Luciano
Q3857549,female,Milagros,es,,Milagros
Q1209486,female,Elena,es,,Elena
Q17524272,male,Valerio,es,,Valerio
Q7385728,female,Valeria,es,,Valeria
Q3862934,male,Moreno,es,,Moreno
Q1168432,female,Elisa,es,,Elisa
Q3960175,male,Sidonio,es,,Sidonio
Q19688630,male,Iván,es,,Iván
Q3934354,female,Ricarda,es,,Ricarda
Q3940070,male,Rogelio,es,,Rogelio
Q9049553,female,Nerea,es,,Nerea
Q8140778,male,Lucio,es,,Lucio
Q7328085,male,Demetrio,es,,Demetrio
Q19688724,male,Oliverio,es,,Oliverio
Q19688757,male,Salomón,es,,Salomón
Q100323000,female,María de la Cinta,es,,María de la Cinta
Q100325480,male,Galindo,es,,Galindo
Q100332919,female,Miguela,es,,Miguela
Q1231089,female,Patricia,es,,Patricia
Q3879973,female,Nydia,es,,Nydia
Q19689476,unisex,Lilo,es,,Lilo
Q8197006,male,Amancio,es,,Amancio
Q9016816,male,Fidel,es,,Fidel
Q7726009,male,Nazario,es,,Nazario
Q9147588,female,Alfonsa,es,,Alfonsa
Q17539144,male,Federico,es,,Federico
Q9150113,female,Amonaria,es,,Amonaria
Q9154661,female,Aniceta,es,,Aniceta
Q9293633,female,Honorata,es,,Honorata
Q19689505,female,Mónica,es,,Mónica
Q19731049,male,Aquiles,es,,Aquiles
Q17623487,male,Emile,es,,Emile
Q4048327,male,Fructuoso,es,,Fructuoso
Q1232599,female,Peregrina,es,,Peregrina
Q9361602,unisex,Trinidad,es,,Trinidad
Q119309377,female,Rosamar,es,,Rosamar
Q119802211,male,,,,Hasdai
Q120805398,male,Aruán,es,,Aruán
Q9025646,unisex,Luz,es,,Luz
Q1240838,female,Prudencia,es,,Prudencia
Q122232247,unisex,Angeles,es,,Angeles
Q122406647,male,,,,Ituriel
Q122586006,female,,,,María Leonora
Q122599750,female,,,,María da Alba
Q122759680,female,,,,Antonia de la Santísima Trinidad
Q122794783,female,,,,Velasquita
Q122795823,female,Muniadona,es,,Muniadona
Q122940749,female,,,,María Carla
Q122987336,male,Hildemaro,es,,Hildemaro
Q19688978,male,Estanislao,es,,Estanislao
Q19774998,male,Fabricio,es,,Fabricio
Q19782532,male,Sócrates,es,,Sócrates
Q100594777,male,Juan Fernando,es,,Juan Fernando
Q121011117,female,María Olimpia,es,,María Olimpia
Q121037039,female,,,,María Claudia
Q121087021,female,,,,María Leticia
Q121087066,female,,,,María-Leticia
Q121087147,female,,,,Maria Letícia
Q121087430,female,,,,María Letícia
Q121326837,female,Dive,es,,Dive
Q3880468,female,Obdulia,es,,Obdulia
Q3929880,male,Ramiro,es,,Ramiro
Q100389993,male,Farabundo,es,,Farabundo
Q3963992,male,Sofronio,es,,Sofronio
Q3964261,female,Sole,es,,Sole
Q4018995,female,Wendy,es,,Wendy
Q100371022,male,Gonzalbo,es,,Gonzalbo
Q100384479,male,Fortuño,es,,Fortuño
Q51394,male,Andrés,es,,Andrés
Q9302835,female,Rafaela,es,,Rafaela
Q9334021,female,Saturnina,es,,Saturnina
Q122067690,female,,,,Florecita de Jesús
Q122145481,male,,,,Ataúlfo
Q122157296,male,Cuitláhuac,es,,Cuitláhuac
Q122170911,female,Midnerely,es,,Midnerely
Q9339326,female,Soledad,es,,Soledad
Q100515356,male,Críspulo,es,,Críspulo
Q19798827,female,Marcela,es,,Marcela
Q130360357,female,,,,Servilia
Q130366153,female,Averly,es,,Averly
Q130397514,female,María Inmaculada,es,,María Inmaculada
Q130419006,male,,,,Juaquin
Q130535999,female,,,,Ladie
Q130540081,female,Laddy,es,,Laddy
Q130540281,female,Madeleyne,es,,Madeleyne
Q131155515,male,Adeodato,es,,Adeodato
Q131292421,male,Bertrán,es,,Bertrán
Q131301479,male,José de Calasanz,es,,José de Calasanz
Q131315289,male,Marco Daniel,es,,Marco Daniel
Q131338368,male,Sabás,es,,Sabás
Q131357275,male,Pedro Joaquín,es,,Pedro Joaquín
Q131470576,unisex,,,,Vianey
Q131607758,male,,,,Jovenal
Q131756847,male,,,,Lucindo
Q132134854,female,,,,Jolette
Q132201952,female,Máxima,es,,Máxima
Q9518418,female,Blanca,es,,Blanca
Q121700404,male,,,,Benício
Q121705858,female,,,,Dalílah
Q121770566,female,,,,Elisabel
Q121834319,male,Trino,es,,Trino
Q1251660,female,Rufina,es,,Rufina
Q19690588,male,Aníbal,es,,Aníbal
Q19819746,male,Israel,es,,Israel
Q19796956,female,Viridiana,es,,Viridiana
Q19798637,female,Carmela,es,,Carmela
Q123139271,female,,,,María Magdalena
Q123337905,male,Refugio,es,,Refugio
Q123418303,male,Catalino,es,,Catalino
Q123479085,male,Dióscoro,es,,Dióscoro
Q123524362,male,,,,Ánchel
Q123636638,male,Uldarico,es,,Uldarico
Q123784044,unisex,,,,Hiro
Q123832367,male,Ismael Enrique,es,,Ismael Enrique
Q123975347,male,Galván,es,,Galván
Q124031053,female,Haydeé,es,,Haydeé
Q124032397,male,Patrocinio,es,,Patrocinio
Q124032448,male,Francisco Cristóbal,es,,Francisco Cristóbal
Q124032467,male,Luis Aurelio,es,,Luis Aurelio
Q124032476,male,Hernando Lelio,es,,Hernando Lelio
Q124032490,male,Lucrecio,es,,Lucrecio
Q124032500,male,Juan Roberto,es,,Juan Roberto
Q124032508,male,Milcíades,es,,Milcíades
Q124032515,male,Edgar Poe,es,,Edgar Poe
Q19802290,male,Cirilo,es,,Cirilo
Q19816626,male,artie ziff,es,,anal
Q124219567,female,,,,Coroline
Q124326560,unisex,,,,Coronta
Q124356567,male,Federico Carlos,es,,Federico Carlos
Q124401900,unisex,,,,Nabile
Q124726919,male,,,,Agripino
Q124733326,female,,,,Mélica
Q19731349,female,Dulce,es,,Dulce
Q19754865,unisex,Amable,es,,Amable
Q134196873,female,,,,Ziomara
Q134196918,female,,,,Guiomara
Q134196928,female,,,,Jhomara
Q134196961,male,,,,Xiomar
Q134197638,female,,,,Giomara
Q134199047,male,,,,Josemar
Q134427754,male,Ángel Jesús,es,,Ángel Jesús
Q134543310,female,Julia Lorena,es,,Julia Lorena
Q100429323,female,Danna,es,,Danna
Q100741178,male,Bricio,es,,Bricio
Q100696889,male,Vellido,es,,Vellido
Q100697408,male,Álvar,es,,Álvar
Q100699524,male,Pánfilo,es,,Pánfilo
Q100704988,female,Ana Rosa,es,,Ana Rosa
Q100989651,male,Jorge Francisco,es,,Jorge Francisco
Q100783466,male,Emilio José,es,,Emilio José
Q10673071,unisex,Sol,es,,Sol
Q122987415,male,Ildemaro,es,,Ildemaro
Q134887680,female,,,,Ana-bela
Q135106363,male,,,,Cedrico
Q135180680,male,,,,Celdon
Q135287113,female,Christian,es,,Christian
Q135653814,female,,,,Florita
Q136419380,male,Salvador María,es,,Salvador María
Q136768104,female,Alaude,es,,Alaude
Q137260538,female,Clara Inés,es,,Clara Inés
Q124737790,female,Haideé,es,,Haideé
Q101128276,female,Macaria,es,,Macaria
Q101226004,male,Luis Ernesto,es,,Luis Ernesto
Q100728499,male,Carlos Mauricio,es,,Carlos Mauricio
Q10337334,male,Norberto,es,,Norberto
Q10862524,female,,,,Juana
Q132407619,female,,,,Dannia
Q132580541,female,Antolina,es,,Antolina
Q132775881,male,Agustín María,es,,Agustín María
Q132777678,unisex,Sinaí,es,,Sinaí
Q133042050,male,Domingo de Silos,es,,Domingo de Silos
Q133097585,male,Manés,es,,Manés
Q133154887,female,,,,Satina
Q133266592,female,,,,Nadaya
Q133458720,female,,,,Riquilda
Q133520778,female,,,,Tereixa
Q133877935,male,Kilmar,es,,Kilmar
Q126626299,female,María de los Llanos,es,,María de los Llanos
Q125178267,male,Nafer,es,,Nafer
Q19860313,male,Isaias,es,,Isaias
Q19888139,male,Tomás,es,,Tomás
Q124032522,male,Tiberio de Jesús,es,,Tiberio de Jesús
Q124041206,female,Orlena,es,,Orlena
Q124145693,male,Belindo,es,,Belindo
Q19826489,male,Benito,es,,Benito
Q125214161,male,Giovany,es,,Giovany
Q125273407,male,,,,Olivero
Q125451160,female,,,,Castellana
Q125534663,female,,,,Reina-Flor
Q126471802,female,María Paloma,es,,María Paloma
Q19830690,male,Benjamín,es,,Benjamín
Q100998965,female,Custodia,es,,Custodia
Q102115418,male,Andrés Felipe,es,,Andrés Felipe
Q102398894,female,Itea,es,,Itea
Q19829440,male,Atanasio,es,,Atanasio
Q124858140,male,Ricardo Bernabé de Jesús,es,,Ricardo Bernabé de Jesús
Q124973131,male,José Eustasio,es,,José Eustasio
Q19914898,male,Severiano,es,,Severiano
Q19953629,male,Marcelino,es,,Marcelino
Q19961116,male,Fulgencio,es,,Fulgencio
Q126695772,male,,,,Randolpho
Q126901676,unisex,María de Constantinopla,es,,María de Constantinopla
Q127339805,male,Laertes,es,,Laertes
Q127428981,male,Lopez,es,,Lopez
Q128015649,female,,,,Ana-Carolina
Q128584504,female,,,,Bélgica
Q128587193,female,,,,María de la Altagracia
Q128587590,female,,,,Iluminada de Fátima
Q128587792,female,,,,Iluminada
Q128589834,female,,,,María Altagracia
Q128839087,female,,,,Arícia
Q129095880,female,María de Begoña,es,,María de Begoña
Q129096072,female,María Begoña,es,,María Begoña
Q129106617,female,María del Valle,es,,María del Valle
Q129906911,male,,,,Ildefonzo
Q129916525,male,Pedro Martir,es,,Pedro Mártir
Q130201372,male,Luis Gonzaga,es,,Luis Gonzaga
Q130210750,male,Victorián,es,,Victorián
Q130211484,female,,,,María Carolina
Q130238529,female,,,,Neyla
Q130248429,female,Nacarid,es,,Nacarid
Q130315183,female,,,,Rosmeri
Q130321665,male,,,,Asis
Q137796402,female,,,,Presentación
Q137882384,male,,,,Prilidiano
Q137988398,female,,,,Amarílis
Q138006272,female,,,,Aletéia
Q138011246,male,,,,Sadí
Q138145685,female,,,,Ana Lilia
Q138416783,unisex,,,,Joselin
Q138416802,female,,,,Joselina
Q138535712,female,Ludivina,es,,Ludivina
Q138642181,male,Eudaldo,es,,Eudaldo
Q140075315,female,,,,María de la Inmaculada Concepción
Q140266647,male,Aldairo,es,,Aldairo
Q140287102,female,,,,Awilda
Q140644635,female,,,,Perlina
Q140644922,female,,,,Perlita
Q140644940,female,,,,Pearlita
Q140645849,female,,,,Arlina
Q140646183,female,,,,Brisaida
Q140646252,unisex,,,,Arly
Q140678706,female,,,,Shaira
Q140696998,male,,,,París
Q102100023,male,Geovanni,es,,Geovanni
Q102115367,male,Odón,es,,Odón
Q100998973,female,Patricia Carmen,es,,Patricia Carmen
Q100999130,male,Julio Roberto,es,,Julio Roberto
Q101001355,male,Felícito,es,,Felícito
Q101001356,female,Felícita,es,,Felícita
Q19828990,male,Ubaldo,es,,Ubaldo
Q19832216,male,Gastón,es,,Gastón
Q123067825,male,Axl,es,,Axl
Q19968214,male,Moisés,es,,Moisés
Q19902094,male,Romel,es,,Romel
Q19830586,female,Vicky,es,,Vicky
Q103210951,male,Crescencio,es,,Crescencio
Q103211071,female,Crescencia,es,,Crescencia
Q104243824,male,Hernaldo,es,,Hernaldo
Q126500886,unisex,Cruz de Jesús,es,,Cruz de Jesús
Q19967632,female,Nuria,es,,Nuria
Q101427515,unisex,Mini,es,,Mini
Q20000394,unisex,Gael,es,,Gael
Q20000470,female,Jéssica,es,,Jéssica
Q20000603,female,Joya,es,,Joya
Q20000642,male,Máximo,es,,Máximo
Q140833681,female,María Montserrat,es,,María Montserrat
Q141316300,female,,,,Brena
Q141373804,female,,,,Teresita de Jesús
Q19901997,male,Gonzalo,es,,Gonzalo
Q104413854,male,Crisóstomo,es,,Crisóstomo
Q20001470,female,Aroa,es,,Aroa
Q20002178,female,Isabela,es,,Isabela
Q102427315,male,Junio,es,,Junio
Q104622482,male,Miguel Ignacio,es,,Miguel Ignacio
Q104541853,male,Ursicino,es,,Ursicino
Q101652466,female,Goizeder,es,,Goizeder
Q104761638,female,Encarnita,es,,Encarnita
Q104524142,female,María Graciela,es,,María Graciela
Q19968620,male,Santi,es,,Santi
Q19970537,female,Noa,es,,Noa
Q20104885,female,Cinta,es,,Cinta
Q104244641,male,Ricardo Roberto,es,,Ricardo Roberto
Q20011821,female,Rosalía,es,,Rosalía
Q20011839,male,Pío,es,,Pío
Q20011844,female,Pía,es,,Pía
Q20020088,male,Cayetano,es,,Cayetano
Q20000896,female,Penélope,es,,Penélope
Q104425046,male,Fanor,es,,Fanor
Q20000994,female,Verónica,es,,Verónica
Q20680062,male,Carlos Alberto,es,,Carlos Alberto
Q20000764,male,Nahuel,es,,Nahuel
Q20000279,female,Perla,es,,Perla
Q20680275,male,Publio,es,,Publio
Q20155725,female,Marian,es,,Marian
Q20481837,male,Genovevo,es,,Genovevo
Q105070880,male,,,,Amante
Q105106856,female,María Purificación,es,,María Purificación
Q104696056,female,,,,Minita
Q20478077,female,Policarpa,es,,Policarpa
Q20681848,male,Baltasar,es,,Baltasar
Q20119916,female,María Rosa,es,,María Rosa
Q20641746,female,Dionisia,es,,Dionisia
Q104903577,female,Tránsito,es,,Tránsito
Q104773376,male,Áureo,es,,Áureo
Q104840491,female,Sitna,es,,Sitna
Q104903749,male,Mario del Tránsito,es,,Mario del Tránsito
Q20813046,male,Américo,es,,Américo
Q20719572,female,Celestina,es,,Celestina
Q104903688,female,Eugenia de los Dolores,es,,Eugenia de los Dolores
Q104903668,female,María del Tránsito,es,,María del Tránsito
Q104876733,male,Balvino,es,,Balvino
Q104877917,female,Balvina,es,,Balvina
Q20856658,male,José Luis,es,,José Luis
Q20970358,female,Maruja,es,,Maruja
Q20856268,male,Luis María,es,,Luis María
Q105426888,female,María de la Luz,es,,María de la Luz
Q20639746,unisex,Cruz,es,,Cruz
Q106263368,female,María Ángela,es,,María Ángela
Q105228023,male,Gerardo Antonio,es,,Gerardo Antonio
Q21021685,male,Silvestre,es,,Silvestre
Q21029461,female,Mar,es,,Mar
Q21142124,female,Yda,es,,Yda
Q21142230,female,Rosalina,es,,Rosalina
Q105106870,male,Jorge de la Purificación,es,,Jorge de la Purificación
Q21019341,male,Jhon,es,,Jhon
Q106898289,male,Yoelín,es,,Yoelín
Q21143202,female,Coleta,es,,Coleta
Q106948825,male,Leobaldo,es,,Leobaldo
Q105582358,female,Amarilis,es,,Amarilis
Q106145659,female,,,,Marielena
Q106258680,female,María Enriqueta,es,,María Enriqueta
Q106258747,male,Luis Francisco,es,,Luis Francisco
Q105234866,male,Saturio,es,,Saturio
Q105478842,male,Ígor,es,,Ígor
Q106898232,male,Ángel Yoelín,es,,Ángel Yoelín
Q21069824,male,Tadeo,es,,Tadeo
Q21074813,male,Bienvenido,es,,Bienvenido
Q106618286,female,Ambar,es,,Ambar
Q106833530,female,Liseth,es,,Liseth
Q107177454,female,Emeteria,es,,Emeteria
Q107177621,male,Jeromín,es,,Jeromín
Q107185206,unisex,Suceso,es,,Suceso
Q107189111,female,Aliuska,es,,Aliuska
Q107646707,male,Ochoa,es,,Ochoa
Q107647091,male,Lucinio,es,,Lucinio
Q107694557,unisex,,,,Cielito
Q21013811,female,Eloísa,es,,Eloísa
Q21285778,male,Cícero,es,,Cícero
Q107858815,female,Loles,es,,Loles
Q21285758,male,Haroldo,es,,Haroldo
Q108608281,female,,,,Carmenza
Q107060663,male,Eustacio,es,,Eustacio
Q21156914,male,Evo,es,,Evaristo
Q107233710,male,Lizandro,es,,Lizandro
Q107253825,unisex,Reny,es,,Reny
Q107253825,female,Reny,es,,Reny
Q107253825,male,Reny,es,,Reny
Q21285814,female,Priscila,es,,Priscila
Q21285818,male,Hipólito,es,,Hipólito
Q21143838,female,Dominica,es,,Dominica
Q21143842,female,Eduarda,es,,Eduarda
Q21147118,female,Laurentina,es,,Laurentina
Q21147529,female,Bartolina,es,,Bartolina
Q108541322,female,Friñé,es,,Friñé
Q21147545,female,Benedicta,es,,Benedicta
Q21147640,unisex,Cris,es,,Cris
Q21148329,male,Moises,es,,Moises
Q108576138,male,Juan de la Santísima Trinidad,es,,Juan de la Santísima Trinidad
Q108576202,male,Antonio de la Santísima Trinidad,es,,Antonio de la Santísima Trinidad
Q21285923,male,Mano,es,,Mano
Q108636924,male,Filareto,es,,Filareto
Q107304102,male,Rudesindo,es,,Rudesindo
Q107370189,male,,,,Masuda
Q107425645,female,,,,Yaimé
Q107598460,female,María Leonor,es,,María Leonor
Q108085590,male,Yhojan,es,,Yhojan
Q21285799,male,Expedito,es,,Expedito
Q21285850,male,Benedicto,es,,Benedicto
Q21285848,male,Amaro,es,,Amaro
Q108130980,male,Protasio,es,,Protasio
Q108363645,male,Julián Luis,es,,Julián Luis
Q108430111,female,Zua,es,,Zua
Q108453650,female,,,,Ronalda
Q109515026,male,Mamés,es,,Mamés
Q109781531,male,,,,Eutiquio
Q109785195,unisex,María,es,,María
Q109785195,male,María,es,,María
Q108655037,female,Valvanera,es,,Valvanera
Q108886484,male,Taurino,es,,Taurino
Q108890149,male,Sandalio,es,,Sandalio
Q21285768,male,Rómulo,es,,Rómulo
Q108936248,male,Archibaldo de Lourdes,es,,Archibaldo de Lourdes
Q108936253,male,Archibaldo,es,,Archibaldo
Q108650740,male,Domingo de la Calzada,es,,Domingo de la Calzada
Q109014123,female,Soleá,es,,Soleá
Q21286214,female,Mafalda,es,,Mafalda
Q111487651,male,Guerson,es,,Guerson
Q21286060,male,Honorato,es,,Honorato
Q21286068,male,Diógenes,es,,Diógenes
Q21401445,male,Obdulio,es,,Obdulio
Q112918649,female,Irán,es,,Irán
Q21285936,female,Fátima,es,,Fátima
Q109942679,male,Baudilio,es,,Baudilio
Q110063362,male,,,,Cirilito
Q110086938,female,María de la Vega,es,,María de la Vega
Q110209984,female,María del Olvido,es,,María del Olvido
Q110211372,female,María Olvido,es,,María Olvido
Q110277868,male,Ninfodoro,es,,Ninfodoro
Q110543643,male,Cleofás,es,,Cleofás
Q112184989,female,María del Amparo,es,,María del Amparo
Q112185930,female,María Amparo,es,,María Amparo
Q112224345,female,Luisina,es,,Luisina
Q112224779,male,Juan de Mata,es,,Juan de Mata
Q112262983,male,Domingo de Guzmán,es,,Domingo de Guzmán
Q112262986,male,Tomás de Aquino,es,,Tomás de Aquino
Q112302072,male,Emerenciano,es,,Emerenciano
Q21285963,male,Reynaldo,es,,Reynaldo
Q21286008,male,Kiko,es,,Kiko
Q112572536,female,Prado,es,,Prado
Q21401489,male,Aarón,es,,Aarón
Q112709793,male,Lesmes,es,,Lesmes
Q112751831,female,Fidela,es,,Fidela
Q112915849,female,Litzy,es,,Litzy
Q21384099,male,Florencio,es,,Florencio
Q110677724,male,Dídimo,es,,Dídimo
Q110700893,male,,,,Javier Fernández
Q110701195,male,,,,Fernández
Q110845949,male,Nicéforo,es,,Nicéforo
Q110857299,female,María de la Asunción,es,,María de la Asunción
Q110942928,male,Juan Crisóstomo,es,,Juan Crisóstomo
Q110950831,male,Francisco de Sales,es,,Francisco de Sales
Q110987565,female,María del Patrocinio,es,,María del Patrocinio
Q110995686,male,Engelberto,es,,Engelberto
Q111048177,male,,,,Ruiz
Q111072668,male,,,,Sandoval
Q111072936,male,,,,Velarde
Q111073036,male,,,,Andrade
Q111232125,female,Nohelia,es,,Nohelia
Q111232376,female,Mari Luz,es,,Mari Luz
Q111234819,male,Teógenes,es,,Teógenes
Q111386634,male,Pedro Regalado,es,,Pedro Regalado
Q111412725,female,Madrona,es,,Madrona
Q21401306,male,Segundo,es,,Segundo
Q21401419,male,Estuardo,es,,Estuardo
Q21285942,male,Carlito,es,,Carlito
Q21401494,male,Cristhian,es,,Cristhian
Q21401423,male,Eustaquio,es,,Eustaquio
Q21401436,male,Marcial,es,,Marcial
Q21401483,female,Estrella,es,,Estrella
Q21401487,female,Mariela,es,,Mariela
Q21401488,female,Marisol,es,,Marisol
Q117837899,male,Leury,es,,Leury
Q114679174,female,,,,Adamaris
Q114755929,male,,,,Miguelangel
Q114756007,male,,,,Miguelángel
Q114756035,male,,,,Miguelângelo
Q115136432,female,,,,María Angeles
Q115579535,male,Felipe Benicio,es,,Felipe Benicio
Q115959138,female,,,,Eva de la Caridad
Q115972804,male,Constanzo,es,,Constanzo
Q116052212,female,Rosángela,es,,Rosángela
Q116187233,male,Reinerio,es,,Reinerio
Q116701561,male,Mártires,es,,Mártires
Q116729494,female,Emperatriz,es,,Emperatriz
Q116820375,female,,,,Laurita
Q116941984,female,Adilia,es,,Adilia
Q116974600,male,,,,Pablito
Q116995442,female,,,,Coralina
Q117175373,female,,,,Manuel
Q117303788,female,,,,Ana Carolina
Q117427907,male,Pilaro,es,,Pilaro
Q117428948,female,Anaís,es,,Anaís
Q117485860,female,,,,María Sofía
Q117615512,male,,,,Ernardo
Q117825763,male,,,,Mariano de Jesús
Q117833298,male,Reymundo,es,,Reymundo
Q21401459,male,Renny,es,,Renny
Q21401482,male,Wenceslao,es,,Wenceslao
Q21401543,male,Pantaleón,es,,Pantaleón
Q118591534,male,,,,Rogel
Q21401542,male,Pancho,es,,Pancho
Q113586544,female,Aldonza,es,,Aldonza
Q113657281,female,Yola,es,,Yola
Q113822663,male,Jesús Ángel,es,,Jesús Ángel
Q113852989,male,Joseba Koldobika,es,,Joseba Koldobika
Q113954060,female,Josefa Mercedes,es,,Josefa Mercedes
Q113962456,male,Juan Félix,es,,Juan Félix
Q113996436,female,Marilú,es,,Marilú
Q114496395,female,Hildegart,es,,Hildegart
Q21401491,male,Antolín,es,,Antolín
Q21401547,male,Vidal,es,,Vidal
Q113239374,unisex,,,,Faby
Q113463130,male,Ignacio de la Macarena,es,,Ignacio de la Macarena
Q21401507,male,Gerónimo,es,,Gerónimo
Q21993554,male,Teobaldo,es,,Teobaldo
Q111547810,female,,,,Bethania
Q111904938,female,Salvación,es,,Salvación
Q111911821,male,,,,Erasto
Q111976947,male,,,,Asís
Q112149821,male,Crispín,es,,Crispín
Q112177191,female,Asmindia,es,,Asmindia
Q117847927,male,Idilio,es,,Idilio
Q117847928,male,Odilio,es,,Odilio
Q118106789,female,Adalí,es,,Adalí
Q118206924,female,,,,María-de-las-Victorias
Q21401565,female,Rosmery,es,,Rosmery
Q22137191,female,Estela,es,,Estela
Q21401516,male,Hilarión,es,,Hilarión
Q21401517,male,Honorio,es,,Honorio
Q118411982,female,Nelly del Carmen,es,,Nelly del Carmen
Q22277230,male,José Javier,es,,José Javier
Q21401544,male,Prudencio,es,,Prudencio
Q21401566,female,Zoila,es,,Zoila
Q21405518,male,Custodio,es,,Custodio
Q23691965,male,José Manuel,es,,José Manuel
Q23710774,male,Juan Alfonso,es,,Juan Alfonso
Q21886149,male,Alfonzo,es,,Alfonzo
Q22675840,female,Ana María,es,,Ana María
Q23002107,male,Maicer,es,,Maicer
Q23011647,female,Paquita,es,,Paquita
Q23432044,female,Isolda,es,,Isolda
Q23790270,male,Ponce,es,,Ponce
Q25936433,male,Beltrán,es,,Beltrán
Q26004319,male,Salvio,es,,Salvio
Q26252219,female,Fe,es,,Fe
Q26695688,female,Concha,es,,Concha
Q23831172,male,Juan José,es,,Juan José
Q26736725,male,Guzmán,es,,Guzmán
Q26903152,male,Yago,es,,Yago
Q26903387,male,Nero,es,,Nero
Q27058829,female,Zulema,es,,Zulema
Q27117888,female,América,es,,América
Q27497085,female,Javiera,es,,Javiera
Q23994242,male,Adelio,es,,Adelio
Q24068983,male,Elicio,es,,Elicio
Q27861499,male,Ibán,es,,Ibán
Q27873442,male,Antón,es,,Antón
Q27891282,male,Rigoberto,es,,Rigoberto
Q24389096,male,José Bernardino,es,,José Bernardino
Q28065126,male,Glicerio,es,,Glicerio
Q28500985,female,Blasa,es,,Blasa
Q28769879,male,Hormisdas,es,,Hormisdas
Q28049041,male,Maximino,es,,Maximino
Q28797463,male,Heliodoro,es,,Heliodoro
Q24877286,male,Filiberto,es,,Filiberto
Q28800111,female,María Cristina,es,,María Cristina
Q28869286,female,Cinthia,es,,Cinthia
Q24969538,female,Tomasa,es,,Tomasa
Q25114190,male,Nemesio,es,,Nemesio
Q28914174,male,Diodoro,es,,Diodoro
Q28914190,male,Saturnino,es,,Saturnino
Q29014653,male,Ginés,es,,Ginés
Q25114277,male,Leoncio,es,,Leoncio
Q29043257,male,José,es,,José
Q29075064,female,Felisa,es,,Felisa
Q29227576,female,Piedad,es,,Piedad
Q29515600,male,José Ángel,es,,José Ángel
Q29550078,female,Virgilia,es,,Virgilia
Q29550232,female,,,,Laurencia
Q29583548,male,Torcuato,es,,Torcuato
Q29643403,male,Cesáreo,es,,Cesáreo
Q29906090,female,María del Pilar,es,,María del Pilar
Q29906160,male,Efrén,es,,Efrén
Q29981674,unisex,Sila,es,,Sila
Q29961046,male,Onésimo,es,,Onésimo
Q29980961,male,Jonás,es,,Jonás
Q30102062,male,Bibiano,es,,Bibiano
Q30034887,female,Taciana,es,,Taciana
Q30079701,female,Elia,es,,Elia
Q30095769,male,Balandrán,es,,Balandrán
Q30144585,male,Carlos Eduardo,es,,Carlos Eduardo
Q30181205,male,Longino,es,,Longino
Q30226181,male,Sinibaldo,es,,Sinibaldo
Q30307936,female,Iliana,es,,Iliana
Q30334169,male,Luis José,es,,Luis José
Q30670003,unisex,Reno,es,,Reno
Q30670003,male,Reno,es,,Reno
Q31210564,male,Juan Manuel,es,,Juan Manuel
Q33129699,male,Porfirio,es,,Porfirio
Q33060093,male,José Enrique,es,,José Enrique
Q33125583,male,Juan Nepomuceno,es,,Juan Nepomuceno
Q33160041,male,Francisco de Paula,es,,Francisco de Paula
Q33253490,female,Zoraida,es,,Zoraida
Q33695986,male,Rufino,es,,Rufino
Q35282613,male,Ýñigo,es,,Ýñigo
Q35705611,male,Evelio,es,,Evelio
Q35845359,female,Cándida,es,,Cándida
Q35741618,male,Nicanor,es,,Nicanor
Q38038024,female,Olga,es,,Olga
Q38038517,male,José Ignacio,es,,José Ignacio
Q38038285,male,José Miguel,es,,José Miguel
Q38038584,male,José Ramón,es,,José Ramón
Q38189038,male,Juan de Dios,es,,Juan de Dios
Q38382511,male,Jorge Juan,es,,Jorge Juan
Q39138769,male,José de Jesús,es,,José de Jesús
Q39290744,male,Rosendo,es,,Rosendo
Q39381383,male,Melitón,es,,Melitón
Q39966878,male,Olegario,es,,Olegario
Q39488707,male,Aquilino,es,,Aquilino
Q40080323,male,Ysidro,es,,Ysidro
Q40432655,male,Quintín,es,,Quintín
Q40440281,male,Miguel Ángel,es,,Miguel Ángel
Q40579650,male,Secundino,es,,Secundino
Q41443317,female,Zaida,es,,Zaida
Q41443504,male,Tristán,es,,Tristán
Q42126432,female,Inmaculada,es,,Inmaculada
Q42172045,male,Nuño,es,,Nuño
Q42305260,male,Duberildo,es,,Duberildo
Q42314949,male,Dimas,es,,Dimas
Q42904613,female,Deyna,es,,Deyna
Q43298500,male,Plácido,es,,Plácido
Q43306122,male,Nacho,es,,Nacho
Q43315443,female,María José,es,,María José
Q43371155,male,Inocencio,es,,Inocencio
Q43381967,male,Lidio,es,,Lidio
Q43382206,male,Calisto,es,,Calisto
Q43382219,male,Blasco,es,,Blasco
Q43389288,female,Noemí,es,,Noemí
Q43389293,female,Silvina,es,,Silvina
Q43399919,female,Berenguela,es,,Berenguela
Q43400224,female,Marianela,es,,Marianela
Q43400200,female,Clarisa,es,,Clarisa
Q43400230,female,Guillermina,es,,Guillermina
Q43400238,female,Pepita,es,,Pepita
Q43400248,female,Natividad,es,,Natividad
Q43400254,female,Vicenta,es,,Vicenta
Q43400276,male,Rafa,es,,Rafa
Q43400291,male,Chema,es,,Chema
Q43400377,male,Ponciano,es,,Ponciano
Q43400406,male,Primitivo,es,,Primitivo
Q43400411,male,Curro,es,,Curro
Q43400446,male,Graciano,es,,Graciano
Q43400524,male,Eulalio,es,,Eulalio
Q43400511,male,Amalio,es,,Amalio
Q43464169,male,Artal,es,,Artal
Q43536402,unisex,Maxi,es,,Maxi
Q43536450,male,Floreal,es,,Floreal
Q43536551,unisex,Nené,es,,Nené
Q43536668,female,Libertad,es,,Libertad
Q43536794,male,Délfor,es,,Délfor
Q43653325,male,Pelayo,es,,Pelayo
Q43653333,female,Purificación,es,,Purificación
Q43653396,male,Ferrán,es,,Ferrán
Q43961383,male,Galcerán,es,,Galcerán
Q44082106,female,Axa,es,,Axa
Q44088327,female,Nagua,es,,Nagua
Q44089296,female,Puerto,es,,Puerto
Q44089945,female,María del Mar,es,,María del Mar
Q44414106,female,María de las Nieves,es,,María de las Nieves
Q44617349,male,Castán,es,,Castán
Q44682485,female,Toda,es,,Toda
Q44687528,female,Mayor,es,,Mayor
Q46829559,female,Majida,es,,Majida
Q47021681,male,Eutimio,es,,Eutimio
Q47393602,male,Francisco de Asís,es,,Francisco de Asís
Q47397310,female,María de los Dolores,es,,María de los Dolores
Q47394450,male,Francisco de Borja,es,,Francisco de Borja
Q47397238,female,María de la Esperanza,es,,María de la Esperanza
Q47397419,female,María de la O,es,,María de la O
Q47484032,male,Francisco José,es,,Francisco José
Q47487249,female,María de Montserrat,es,,María de Montserrat
Q47492846,male,Pedro Nolasco,es,,Pedro Nolasco
Q47498275,female,María Blanca,es,,María Blanca
Q47527035,male,Misael,es,,Misael
Q47528302,male,Illán,es,,Illán
Q47537417,female,María Dolores,es,,María Dolores
Q47537809,female,María del Dulce Nombre,es,,María del Dulce Nombre
Q47650691,male,,,,Etelberto
Q47869977,male,Elviro,es,,Elviro
Q47897474,male,Juan Miguel,es,,Juan Miguel
Q48017515,male,Millán,es,,Millán
Q48790813,female,Purificación,es,,Purification
Q48980246,female,Ivette,es,,Ivette
Q48981239,female,,,,Teresita
Q50308074,male,Teódulo,es,,Teódulo
Q50348539,male,Luis Alberto,es,,Luis Alberto
Q50810339,female,Gara,es,,Gara
Q50378050,female,Fuencisla,es,,Fuencisla
Q50383174,female,Ursicina,es,,Ursicina
Q50758423,male,Pedro de Alcántara,es,,Pedro de Alcántara
Q50822621,male,Julio César,es,,Julio César
Q51011467,male,Juan Pedro,es,,Juan Pedro
Q51012592,male,Juan María,es,,Juan María
Q51012659,male,Juan Jesús,es,,Juan Jesús
Q51013310,male,José Juan,es,,José Juan
Q51044333,male,Orencio,es,,Orencio
Q51079040,male,Luis Miguel,es,,Luis Miguel
Q51090603,male,Joaquín José,es,,Joaquín José
Q51139324,male,Pedro Pablo,es,,Pedro Pablo
Q51158617,female,María Carmen,es,,María Carmen
Q51285049,male,José Toribio,es,,José Toribio
Q51719403,male,Eulogio,es,,Eulogio
Q51745196,male,Alberto Julio,es,,Alberto Julio
Q51765304,female,Ana Isabel,es,,Ana Isabel
Q51767213,male,Antonio Miguel,es,,Antonio Miguel
Q51844636,female,Simoneta,es,,Simoneta
Q51917956,male,Francisco Manuel,es,,Francisco Manuel
Q51955102,male,Ordoño,es,,Ordoño
Q52064940,female,Maria Isabella,es,,Maria Isabella
Q52065270,female,María Fernanda,es,,María Fernanda
Q52088282,male,Manuel José,es,,Manuel José
Q52126454,male,Juan Ignacio,es,,Juan Ignacio
Q52162197,male,Ignacio José,es,,Ignacio José
Q52162319,male,Ignacio de Loyola,es,,Ignacio de Loyola
Q52163199,female,Josefa María,es,,Josefa María
Q52165112,female,María Josefa,es,,María Josefa
Q52177232,male,Francisco Jesús,es,,Francisco Jesús
Q52185200,male,Jesús Francisco,es,,Jesús Francisco
Q52186575,male,Francisco Antonio,es,,Francisco Antonio
Q52186921,male,Jesús de la Santísima Trinidad,es,,Jesús de la Santísima Trinidad
Q52188656,female,María Concepción,es,,María Concepción
Q52191924,female,María de la Concepción,es,,María de la Concepción
Q52216763,female,Jesusa,es,,Jesusa
Q52228248,male,Manuel María,es,,Manuel María
Q52230358,female,Margarita María,es,,Margarita María
Q52230787,female,María Margarita,es,,María Margarita
Q52236203,male,Pedro María,es,,Pedro María
Q52235916,male,Manuel Rafael,es,,Manuel Rafael
Q52236346,female,Robustiana,es,,Robustiana
Q52237324,female,Tiaré,es,,Tiaré
Q52237779,female,María de Jesús,es,,María de Jesús
Q52238164,female,María Natividad,es,,Victor Manuel
Q52240811,male,José Francisco,es,,José Francisco
Q52303793,female,María Eugenia,es,,María Eugenia
Q52319701,female,María Elena,es,,María Elena
Q52329922,male,Lindolfo,es,,Lindolfo
Q52358987,female,Kenia,es,,Kenia
Q52391513,male,Felipe Guillermo,es,,Felipe Guillermo
Q52391785,male,Eduardo Rafael,es,,Eduardo Rafael
Q52392819,male,Alberto José,es,,Alberto José
Q52394513,male,José Alfredo,es,,José Alfredo
Q52595977,female,Charo,es,,Charo
Q52635486,male,Miguel Javier,es,,Miguel Javier
Q52637190,male,Pedro Andrés,es,,Pedro Andrés
Q52638973,male,José Raúl,es,,José Raúl
Q52639588,male,José Andrés,es,,José Andrés
Q52640109,male,José Tomás,es,,José Tomás
Q52641372,male,Ramón María,es,,Ramón María
Q52642821,male,Ramón José,es,,Ramón José
Q52689071,male,José Fernando,es,,José Fernando
Q52690262,male,Fernando José,es,,Fernando José
Q52692074,male,José Emiliano,es,,José Emiliano
Q52720716,male,Pedro José,es,,Pedro José
Q52721398,male,José Martín,es,,José Martín
Q53129914,male,Luis Ignacio,es,,lucho zanaoria
Q53141989,female,Inocencia,es,,Inocencia
Q53199005,male,José Víctor,es,,José Víctor
Q52729443,male,Juan Ángel,es,,Juan Ángel
Q52731205,male,Juan Santiago,es,,Juan Santiago
Q52734568,male,José Pedro,es,,José Pedro
Q52771975,female,Irache,es,,Irache
Q52779146,female,,,,Josita
Q52888215,male,Jorge Raúl,es,,Jorge Raúl
Q53199458,male,Víctor José,es,,Víctor José
Q53205309,male,Víctor Manuel,es,,Víctor Manuel
Q53260013,male,José Julián,es,,José Julián
Q53389935,male,Antonio José,es,,Antonio José
Q53390251,male,Luís Manuel,es,,Luís Manuel
Q53390510,male,Manuel Luís,es,,Manuel Luís
Q53474468,male,Luis Jorge,es,,Luis Jorge
Q53474880,male,Jorge Luis,es,,Jorge Luis
Q53477409,male,Luis Ángel,es,,Luis Ángel
Q53632813,male,José Alfonso,es,,José Alfonso
Q53637031,female,Zuleira,es,,Zuleira
Q53640117,male,Pedro Antonio,es,,Pedro Antonio
Q53651140,female,Rosa María,es,,Rosa María
Q53655866,male,Rafael Luis,es,,Rafael Luis
Q53661007,male,Marco Antonio,es,,Marco Antonio
Q53673409,male,José Ricardo,es,,José Ricardo
Q53673433,male,José Mariano,es,,José Mariano
Q53673438,male,José Mariano,es,,José Mariano
Q53673481,male,José Eloy,es,,José Eloy
Q53678034,male,Alfonso José,es,,Alfonso José
Q53679435,female,Carmen María,es,,Carmen María
Q53679463,male,Ramón Ángel,es,,Ramón Ángel
Q53681021,male,Luis Rafael,es,,Luis Rafael
Q53681735,male,José Rafael,es,,José Rafael
Q53682013,male,Rafael José,es,,Rafael José
Q53717162,male,José Vicente,es,,José Vicente
Q53735347,male,Luis Javier,es,,Luis Javier
Q53739114,male,Luis Vicente,es,,Luis Vicente
Q53791972,male,Alfredo José Lucas,es,,Alfredo José Lucas
Q53806972,male,Juan Evangelista,es,,Juan Evangelista
Q53846232,male,José Julio,es,,José Julio
Q53846694,male,Julio José,es,,Mateo brumatti
Q53850108,male,Carlos José,es,,Carlos José
Q53867870,male,José Eduardo,es,,José Eduardo
Q53869529,female,María de los Ángeles,es,,María de los Ángeles
Q53871939,male,José Pascual,es,,José Pascual
Q53872561,male,José Benito,es,,José Benito
Q53926139,male,Leovigildo,es,,Leovigildo
Q53934715,male,Antonio María,es,,Antonio María
Q53936434,female,María Ángeles,es,,María Ángeles
Q53940237,female,Tranquilina,es,,Tranquilina
Q53996354,male,Venerando,es,,Venerando
Q54033835,male,Fernando Manuel,es,,Fernando Manuel
Q54034440,male,Manuel Fernando,es,,Manuel Fernando
Q54086817,male,Ricardo Jorge,es,,Ricardo Jorge
Q54086964,male,Jorge Antonio,es,,Jorge Antonio
Q54087630,male,Jorge Ricardo,es,,Jorge Ricardo
Q54090829,male,Jorge José,es,,Jorge José
Q54107758,female,María Victoria,es,,María Victoria
Q54113042,male,Carlos Alfredo,es,,Carlos Alfredo
Q54117260,male,José Joaquín,es,,José Joaquín
Q54117346,male,Ramón Alberto,es,,Ramón Alberto
Q54170352,male,Alejandro Javier,es,,Alejandro Javier
Q54170724,male,Javier Alejandro,es,,Javier Alejandro
Q54171925,female,María Gabriela,es,,María Gabriela
Q54200294,male,José Jorge,es,,José Jorge
Q54203005,male,José Salvador,es,,José Salvador
Q54204427,male,Manuel Jorge,es,,Manuel Jorge
Q54204806,male,Carlos Jorge,es,,Carlos Jorge
Q54208525,male,José Carmelo,es,,José Carmelo
Q54209094,male,Jorge Manuel,es,,Jorge Manuel
Q54317864,male,Juan Daniel,es,,Juan Daniel
Q54318209,male,Jorge Gabriel,es,,Jorge Gabriel
Q54323326,male,Luis Roberto,es,,Luis Roberto
Q54323852,male,José Gabriel,es,,José Gabriel
Q54324667,male,Pedro Alejandro,es,,Pedro Alejandro
Q54328916,male,Gabriel José,es,,Gabriel José
Q54331955,female,Trinidad María,es,,Trinidad María
Q54337524,male,Alejandro Pedro,es,,Alejandro Pedro
Q54363155,male,Manuel García,es,,Manuel García
Q54365930,male,Julio Manuel,es,,Julio Manuel
Q54366496,female,María Juana,es,,María Juana
Q54366519,female,Juana María,es,,Juana María
Q54371641,male,Júlio Manuel,es,,Júlio Manuel
Q54488418,male,Constante,es,,Constante
Q54527475,male,Carlos Juan,es,,Carlos Juan
Q54554729,female,Isidra,es,,Isidra
Q54555513,male,Eufemiano,es,,Eufemiano
Q54555786,male,Juan Enrique,es,,Juan Enrique
Q54561876,male,Pedro Luis,es,,Pedro Luis
Q54808278,male,Joaquín Manuel,es,,Joaquín Manuel
Q54808492,male,Manuel Joaquín,es,,Manuel Joaquín
Q54811243,female,María Francisca,es,,María Francisca
Q54820013,male,Antonio Joaquín,es,,Antonio Joaquín
Q54820020,male,Joaquín Antonio,es,,Joaquín Antonio
Q54820724,male,Joaquín Miguel,es,,Joaquín Miguel
Q54821052,male,Miguel Joaquín,es,,Miguel Joaquín
Q54831133,male,Antonio Luis,es,,Antonio Luis
Q54834135,male,José Daniel,es,,José Daniel
Q54834148,male,Daniel José,es,,Daniel José
Q54834229,male,Daniel Felipe,es,,Daniel Felipe
Q54964028,male,Ricardo Antonio,es,,Ricardo Antonio
Q55021717,female,María Antonieta,es,,María Antonieta
Q55079539,female,María Esther,es,,María Esther
Q55079808,male,Ricardo Ernesto,es,,Ricardo Ernesto
Q55080028,male,Jesús Ricardo,es,,Jesús Ricardo
Q55080172,male,Daniel Ricardo,es,,Daniel Ricardo
Q55080352,male,Ricardo Manuel,es,,Ricardo Manuel
Q55083918,male,Pablo Emilio,es,,Pablo Emilio
Q55088570,female,Amada,es,,Amada
Q55089446,male,Bermudo,es,,Bermudo
Q55097409,female,Esther María,es,,Esther María
Q55094326,male,Berenguel,es,,Berenguel
Q55118878,male,Juan Francisco,es,,Juan Francisco
Q55118993,male,Francisco Juan,es,,Francisco Juan
Q55128243,male,Jorge Víctor,es,,Jorge Víctor
Q55174212,female,María Cecilia,es,,María Cecilia
Q55177684,male,Álvaro María,es,,Álvaro María
Q55230149,male,Manuel de Jesús,es,,Manuel de Jesús
Q55241934,male,José Ronaldo,es,,José Ronaldo
Q55242396,male,Pablo de la Cruz,es,,Pablo de la Cruz
Q55267295,male,Andrés Luis,es,,Andrés Luis
Q55267356,male,Luis Andrés,es,,Luis Andrés
Q55268401,male,José Jerónimo,es,,José Jerónimo
Q55268722,male,Jerónimo José,es,,Jerónimo José
Q55291383,male,José David,es,,José David
Q55287340,male,Jorge Alberto,es,,Jorge Alberto
Q55294704,male,Pablo Daniel,es,,Pablo Daniel
Q55295513,male,Carlos Javier,es,,Carlos Javier
Q55312874,male,Carlos Felipe,es,,Carlos Felipe
Q55313282,male,Indalicio,es,,Indalicio
Q55315384,male,Manuel Jerónimo,es,,Manuel Jerónimo
Q55317080,male,Álvaro Alejandro,es,,Álvaro Alejandro
Q55318187,female,María Manuela,es,,María Manuela
Q55318350,female,Dulce María,es,,Dulce María
Q55325709,male,Luis Ramón,es,,Luis Ramón
Q55339671,male,Martín Andrés,es,,Martín Andrés
Q55339455,male,Celes,es,,Celes
Q55339788,unisex,Reyes,es,,Reyes
Q55340543,male,Manuel Ignacio,es,,Manuel Ignacio
Q55343437,male,Rafael Valentín,es,,Rafael Valentín
Q55344514,male,Carlos Enrique,es,,Carlos Enrique
Q55344857,male,Ubaldo Ramón,es,,Ubaldo Ramón
Q55345628,male,Miguel Jerónimo,es,,Miguel Jerónimo
Q55380354,male,Caraciolo,es,,Caraciolo
Q55380574,male,Fernando Ramón,es,,Fernando Ramón
Q55413266,male,José Gaspar,es,,José Gaspar
Q55413364,male,Gaspar José,es,,Gaspar José
Q55435833,male,Enrique José,es,,Enrique José
Q55437031,male,José Felipe,es,,José Felipe
Q55438218,female,,,,Woula
Q55457384,female,Pabla,es,,Pabla
Q55530676,male,Juan Abelardo,es,,Juan Abelardo
Q55763031,female,María de las Mercedes,es,,María de las Mercedes
Q55813934,female,Coralia,es,,Coralia
Q55862044,male,Isaí,es,,Isaí
Q55869422,female,María Cruz,es,,María Cruz
Q55869515,female,Mari Cruz,es,,Mari Cruz
Q55869655,female,María de la Cruz,es,,María de la Cruz
Q55984390,female,Teresa de Jesús,es,,Teresa de Jesús
Q56070817,female,María Pilar,es,,María Pilar
Q56460392,male,Pedro del Corazón,es,,Pedro del Corazón
Q56460436,female,Corazón,es,,Corazón
Q56461688,female,Clarita,es,,Clarita
Q56462464,female,María Catalina,es,,María Catalina
Q56462571,female,Colombina,es,,Colombina
Q56477384,female,Miguelina,es,,Miguelina
Q56477455,male,José Inés,es,,José Inés
Q56478242,male,Pablo Enrique,es,,Pablo Enrique
Q56480564,male,Cátulo,es,,Cátulo
Q56578479,male,,,,Reynato
Q56579236,female,Guía,es,,Guía
Q56598225,female,María Isabel,es,,María Isabel
Q56598944,female,Isabel María,es,,Isabel María
Q56611522,female,María Joaquina,es,,María Joaquina
Q56640554,male,Ulpiano,es,,Ulpiano
Q56643863,male,Javier José,es,,Javier José
Q56644085,male,Mario José,es,,Mario José
Q56761389,female,Melodía,es,,Melodía
Q56780733,male,Eduardo José,es,,Eduardo José
Q56799897,male,Manuel Jesús,es,,Manuel Jesús
Q56809565,male,Víctor Rolando,es,,Víctor Rolando
Q56810766,male,Daniel Augusto,es,,Daniel Augusto
Q56811042,male,Manuel Ángel,es,,Manuel Ángel
Q56811514,male,Daniel Alejandro,es,,Daniel Alejandro
Q56849301,female,Monserrat,es,,Monserrat
Q56884610,male,Lucas Silvano,es,,Lucas Silvano
Q56993515,female,María del Camino,es,,María del Camino
Q56996866,female,Munia,es,,Munia
Q57082281,male,Albano Dante,es,,Albano Dante
Q57084444,female,María Luz,es,,María Luz
Q57173433,male,Bernardo José,es,,Bernardo José
Q57173554,male,José Bernardo,es,,José Bernardo
Q57240659,male,Fernando Tomás,es,,Fernando Tomás
Q57306267,male,Miguel José,es,,Miguel José
Q57377962,male,Eufrasio,es,,Eufrasio
Q57400250,male,Martín Eusebio,es,,Martín Eusebio
Q57544475,male,,,,Gonzaga
Q57561932,female,Blanca Victoria,es,,Blanca Victoria
Q57614309,unisex,de la Asunción,es,,de la Asunción
Q57617525,male,Antonio Juan,es,,Antonio Juan
Q57699364,male,Esfrain,es,,Esfrain
Q57774388,male,Fernando Gustavo,es,,Fernando Gustavo
Q57825166,male,Celestino Andrés,es,,Celestino Andrés
Q57826789,male,Luis Valentín,es,,Luis Valentín
Q57881103,male,Pedro Juan,es,,Pedro Juan
Q57882267,male,Miguel Antonio,es,,Miguel Antonio
Q57883560,male,Juan Jorge,es,,Juan Jorge
Q58053091,male,José Alejandro,es,,José Alejandro
Q58412445,male,Manuel Salvador,es,,Manuel Salvador
Q58426286,female,María del Rosario,es,,María del Rosario
Q58520166,male,Carlos Antonio,es,,Carlos Antonio
Q58525724,male,Solano,es,,Solano
Q58581036,female,Nicolasa,es,,Nicolasa
Q58652005,female,de la Caridad,es,,de la Caridad
Q58652187,female,Maria de la Caridad,es,,María de la Caridad
Q58652712,female,Lienna,es,,Lienna
Q58827117,male,Alejandro Francisco,es,,Alejandro Francisco
Q58905255,male,José Joel,es,,José Joel
Q58906012,female,Ana Elena,es,,Ana Elena
Q59151564,male,Agoney,es,,Agoney
Q59187439,female,Angélina,es,,Angélina
Q59187613,male,Angélico,es,,Angélico
Q59195455,male,Astor,es,,Astor
Q59199059,male,Juan Guillermo,es,,Juan Guillermo
Q59201616,female,Itatí,es,,Itatí
Q59261713,female,Milagrosa,es,,Milagrosa
Q59307539,female,Marquesa,es,,Marquesa
Q59326337,male,José Rubén,es,,José Rubén
Q59329832,male,Sergio Mauricio,es,,Sergio Mauricio
Q59387819,male,Gustavo Adrián,es,,Gustavo Adrián
Q59388237,female,María Soledad,es,,María Soledad
Q59388378,male,Enrique Javier,es,,Enrique Javier
Q59388516,male,Vicente Antonio,es,,Vicente Antonio
Q59389956,male,Víctor Eduardo,es,,Víctor Eduardo
Q59445893,female,Ysabel,es,,Ysabel
Q59647213,female,Chiquita,es,,Chiquita
Q59712945,male,César Ramón,es,,César Ramón
Q59847743,male,,,,Maradona
Q60154296,male,Elena Isabel,es,,Elena Isabel
Q60171587,male,Diosdado,es,,Diosdado
Q60217399,female,Patricia Graciela,es,,Patricia Graciela
Q60220156,female,Claudia Dolores,es,,Claudia Dolores
Q60318216,male,Cástor,es,,Cástor
Q60390576,female,María Paz,es,,María Paz
Q60390984,male,Atilano,es,,Atilano
Q60392578,female,Sara Nerea,es,,Sara Nerea
Q60580318,male,Yeray,es,,Yeray
Q60589662,unisex,Rey,es,,Rey
Q60676124,male,Carlos Miguel,es,,Carlos Miguel
Q60797003,male,José Adolfo,es,,José Adolfo
Q60820089,male,Ignacio María,es,,Ignacio María
Q61204299,male,Herberto,es,,Herberto
Q61332789,male,José Ernesto,es,,José Ernesto
Q61355991,female,Atala,es,,Atala
Q61415368,male,Fidel Ángel,es,,Fidel Ángel
Q61615169,male,Alejandro Gongora Pino,es,,Benito Antonio
Q61654362,male,José Domingo,es,,José Domingo
Q61654570,male,Rime,es,,Rime
Q61656557,male,José Dolores,es,,José Dolores
Q61658134,male,Fruto,es,,Fruto
Q61668724,male,Luis Jesús,es,,Luis Jesús
Q61678201,male,Andrés Avelino,es,,Andrés Avelino
Q61698559,male,José Santiago,es,,José Santiago
Q61716606,female,María Mercedes,es,,María Mercedes
Q61717103,female,María de la Paz,es,,María de la Paz
Q61718057,female,Coronada,es,,Coronada
Q61719301,male,Eduardo Antonio,es,,Eduardo Antonio
Q61741360,female,María Esperanza,es,,María Esperanza
Q61744227,female,Adriana Fátima,es,,Adriana Fátima
Q61750134,male,Abraham Alberto,es,,Abraham Alberto
Q61776705,female,Maridalia,es,,Maridalia
Q61792367,male,Roberto Carlos,es,,Roberto Carlos
Q61957541,female,Eusebia,es,,Eusebia
Q61976597,female,María Laura,es,,María Laura
Q61977805,male,Pablo Antonio,es,,Pablo Antonio
Q61978040,male,Carlos María,es,,Carlos María
Q61978319,female,María Nieves,es,,María Nieves
Q61978477,female,Virdiana,es,,Virdiana
Q61985765,male,Juan Andrés,es,,Juan Andrés
Q61989810,female,Inés María,es,,Inés María
Q61990187,female,María Lucía,es,,María Lucía
Q61994251,male,Augusto César,es,,Augusto César
Q61994454,male,Francisco Miguel,es,,Francisco Miguel
Q61994478,male,Juan Alberto,es,,Juan Alberto
Q62009663,male,Jorge Roberto,es,,Jorge Roberto
Q62011191,male,Luis Carlos,es,,Luis Carlos
Q62027106,female,María Obdulia,es,,María Obdulia
Q62027243,female,Alba Zoriane,es,,Alba Zoriane
Q62077038,male,Ramón Luis,es,,Ramón Luis
Q62077675,male,Miguel Luis,es,,Miguel Luis
Q62078649,female,Fabiana Beatriz,es,,Fabiana Beatriz
Q62078939,male,Alejandro Benito,es,,Alejandro Benito
Q62092258,female,Guiomar,es,,Guiomar
Q62092754,male,Luis Antonio,es,,Luis Antonio
Q62106987,male,Luis Enrique,es,,Luis Enrique
Q62123666,male,Eliéser,es,,Eliéser
Q62124284,male,Eliser,es,,Eliser
Q62128450,male,Graciliano,es,,Graciliano
Q62129007,male,Manuel Francisco,es,,Manuel Francisco
Q62502315,female,Marta Inés,es,,Marta Inés
Q62504508,male,José Amador,es,,José Amador
Q62507698,male,Juan Pío,es,,Juan Pío
Q62510221,female,Ana Luisa,es,,Ana Luisa
Q62514064,male,Luis Felipe,es,,Luis Felipe
Q62522971,male,Ráphael,es,,Ráphael
Q62534673,male,Felipe Antonio,es,,Felipe Antonio
Q62566484,male,Carlos Luis,es,,Carlos Luis
Q62576850,female,Maritza Maribel,es,,Maritza Maribel
Q62591148,male,Carlos Roberto,es,,Carlos Roberto
Q62606734,female,Nagore,es,,Nagore
Q62759025,male,Yostin,es,,Yostin
Q62759182,male,Jafet,es,,Jafet
Q62761317,male,Misraim,es,,Misraim
Q62761488,male,Jafeth,es,,Jafeth
Q62843052,female,Evelia,es,,Evelia
Q62983852,male,José Rodrigo,es,,José Rodrigo
Q63035644,male,Carlos Manuel,es,,Carlos Manuel
Q63036536,male,Joaquín María,es,,Joaquín María
Q63083409,female,Bienvenida,es,,Bienvenida
Q63093172,male,Ángel Luis,es,,Ángel Luis
Q63094051,male,Guillermo Ramón,es,,Guillermo Ramón
Q63110771,male,Manuel Ramón,es,,Manuel Ramón
Q63248152,male,Paciano,es,,Paciano
Q63248185,male,José Lino,es,,José Lino
Q63249933,female,Pastora,es,,Pastora
Q63373836,male,Manuel-Reyes,es,,Manuel-Reyes
Q63430515,male,Miguel de Jesús,es,,Miguel de Jesús
Q63430528,male,Sergio Manuel,es,,Sergio Manuel
Q63436987,male,Miguel Rafael,es,,Miguel Rafael
Q63515896,male,Querubín,es,,Querubín
Q63567883,female,Séfora,es,,Séfora
Q63644914,male,Alfeo,es,,Alfeo
Q63645285,male,Ángel María,es,,Ángel María
Q63649707,female,Ana Sofía,es,,Ana Sofía
Q63688977,male,Pedro Ramón,es,,Pedro Ramón
Q63697844,female,Petita,es,,Petita
Q63725902,male,Giovanny,es,,Giovanny
Q63872612,female,María Isidra,es,,María Isidra
Q63949578,female,Luz Belinda,es,,Luz Belinda
Q63953052,female,Salud,es,,Salud
Q64548480,male,Veremundo,es,,Veremundo
Q64548634,male,Beremundo,es,,Beremundo
Q64584904,male,,,,Riqui
Q64735186,male,Alberto Eduardo,es,,Alberto Eduardo
Q64738310,male,Laurentino,es,,Laurentino
Q64739197,female,Nara,es,,Nara
Q64764391,female,María Helena,es,,María Helena
Q64767991,female,María del Rocío,es,,María del Rocío
Q64768238,male,Pedro Jesús,es,,Pedro Jesús
Q64768390,male,Pedro de Jesús,es,,Pedro de Jesús
Q64786753,male,Inocente,es,,Inocente
Q64788521,male,Felipe Juan,es,,Felipe Juan
Q64800594,male,José Celestino,es,,José Celestino
Q64801272,male,Ramón Alfredo,es,,Ramón Alfredo
Q64804217,male,Sinforoso,es,,Sinforoso
Q64807882,male,José Elías,es,,José Elías
Q64808546,male,José Eugenio,es,,José Eugenio
Q64808953,male,Santiago José,es,,Santiago José
Q64809517,female,Nohra,es,,Nohra
Q64827847,male,Carlos Aurelio,es,,Carlos Aurelio
Q65038260,female,María Visitación,es,,María Visitación
Q65038262,unisex,Visitación,es,,Visitación
Q65038271,female,María de la Visitación,es,,María de la Visitación
Q65038409,male,José Nicolás,es,,José Nicolás
Q65039995,female,Josefa Dominga,es,,Josefa Dominga
Q65040169,male,José Patricio,es,,José Patricio
Q65040181,male,Francisco María,es,,Francisco María
Q65048127,female,María de Guadalupe,es,,María de Guadalupe
Q65048146,female,María Guadalupe,es,,María Guadalupe
Q65347085,male,Pedro Felipe,es,,Pedro Felipe
Q65451628,male,Apeles,es,,Apeles
Q65517083,female,Eva María,es,,Eva María
Q65683875,female,África,es,,África
Q65947969,female,María de la Purificación,es,,María de la Purificación
Q65953273,female,María Carmela,es,,María Carmela
Q65953582,female,Áurea,es,,Áurea
Q65969248,male,Irineo,es,,Irineo
Q65981517,female,Petronila,es,,Petronila
Q65982388,male,Petronilo,es,,Petronilo
Q66009985,female,Emelina,es,,Emelina
Q66102212,female,María Ana,es,,María Ana
Q66103313,female,Jovina,es,,Jovina
Q66103751,male,Viador,es,,Viador
Q66122151,female,Eustaquia,es,,Eustaquia
Q66124350,male,Pompeyo,es,,Pompeyo
Q66134563,female,,,,Thania
Q66309273,male,Longinos,es,,Longinos
Q66384330,female,Rubenia,es,,Rubenia
Q66574279,female,María Clara,es,,María Clara
Q66606832,male,José Tadeo,es,,José Tadeo
Q66606844,male,Andrés José,es,,Andrés José
Q66606899,male,José Gregorio,es,,José Gregorio
Q66606948,male,José Ruperto,es,,José Ruperto
Q66659649,male,Luis Guillermo,es,,Luis Guillermo
Q66660187,male,Guillermo Luis,es,,Guillermo Luis
Q66724808,male,Alberto Carlos,es,,Alberto Carlos
Q66725814,male,Elías Ramón,es,,Elías Ramón
Q66737183,male,Viriato,es,,Viriato
Q66783412,male,Miguel Juan,es,,Miguel Juan
Q66811874,male,Miguel María,es,,Miguel María
Q66811892,male,Jesús Ignacio,es,,Jesús Ignacio
Q66816721,male,Carlos Arturo,es,,Carlos Arturo
Q67152038,male,Roberto Andrés,es,,Roberto Andrés
Q67187443,male,,,,Juan Lucas
Q67196962,female,Rubí,es,,Rubí
Q67481509,female,Yderla,es,,Yderla
Q67604401,male,Guillermo Enrique,es,,Guillermo Enrique
Q67871637,female,María de Lourdes,es,,María de Lourdes
Q68184546,male,Pedro Manuel,es,,Pedro Manuel
Q69349891,male,Luis Alfredo,es,,Luis Alfredo
Q69920597,male,Jorge Carlos,es,,Jorge Carlos
Q70339593,male,Alfonso Tomás,es,,Alfonso Tomás
Q70349320,male,Peregrino,es,,Peregrino
Q70726648,female,Yuridia,es,,Yuridia
Q70750446,male,Enrique Alejandro,es,,Enrique Alejandro
Q71062041,male,Augusto José,es,,Augusto José
Q71850687,male,Rodolfo Miguel,es,,Rodolfo Miguel
Q72681722,male,Juan Alfredo,es,,Juan Alfredo
Q73616782,male,Andrés de Jesús María y José,es,,Andrés de Jesús María y José
Q73616977,male,Andrés de Jesús,es,,Andrés de Jesús
Q73618590,male,José de Jesús María,es,,José de Jesús María
Q73620006,male,Francisco de Jesús María y José,es,,Francisco de Jesús María y José
Q73743066,female,María Elisa,es,,María Elisa
Q73782452,male,Carlos Salvador,es,,Carlos Salvador
Q76509311,male,Luis Oscar,es,,Luis Oscar
Q76637325,female,Ekhiñe,es,,Ekhiñe
Q76876877,male,Víctor María,es,,Víctor María
Q77468065,male,Carlos César,es,,Carlos César
Q77580657,male,Ángel Vicente,es,,Ángel Vicente
Q77984224,male,Neftalí,es,,Neftalí
Q78038397,female,María Natalia,es,,María Natalia
Q78491685,male,Arturo Alejandro,es,,Arturo Alejandro
Q78637236,female,María Alejandra,es,,María Alejandra
Q78637574,female,Maríalejandra,es,,Maríalejandra
Q78773691,male,Juan Jacobo,es,,Juan Jacobo
Q78874014,male,José Evaristo,es,,José Evaristo
Q78874804,male,José Félix,es,,José Félix
Q79418547,male,Urbani,es,,Urbani
Q79605581,male,Juanes,es,,Juanes
Q79605617,male,Bauptista,es,,Bauptista
Q79605811,female,Ana Lucia,es,,Ana Lucia
Q79605815,male,Lorenzo Antonio,es,,Lorenzo Antonio
Q79605864,male,Francisco Ignacio,es,,Francisco Ignacio
Q79605909,male,Martín Josseph,es,,Martín Josseph
Q79605924,male,Pedro Fermín,es,,Pedro Fermín
Q79606089,male,Martín Joseph,es,,Martín Joseph
Q79606092,male,Fermín Antonio,es,,Fermín Antonio
Q79606111,female,María Miguela,es,,María Miguela
Q79606118,male,Martín Josef,es,,Martín Josef
Q79606166,female,,,,Maria Ysabel
Q79606450,male,Juan Bernardo,es,,Juan Bernardo
Q79606659,male,Martin Francisco,es,,Martin Francisco
Q79606872,male,José Martin Bernardo,es,,José Martin Bernardo
Q79606997,female,Juana Bautista,es,,Juana Bautista
Q79607215,female,Benita Antonia,es,,Benita Antonia
Q79607307,female,Maria Ramona,es,,Maria Ramona
Q79607321,female,María de la Encarnación,es,,María de la Encarnación
Q79607369,male,Feliz,es,,Feliz
Q79607407,female,Casta Secundina,es,,Casta Secundina
Q79607431,female,María Ramona,es,,María Ramona
Q79607500,male,José Matías,es,,José Matías
Q79607578,male,José Lorenzo,es,,José Lorenzo
Q79607740,male,Juan de Mata María,es,,Juan de Mata María
Q80317323,female,Josefa de los Dolores,es,,Josefa de los Dolores
Q80322184,female,María Josefa de los Dolores,es,,María Josefa de los Dolores
Q80355547,female,Josefa Maria de los Dolores,es,,Josefa Maria de los Dolores
Q81046303,male,Isidro Manuel,es,,Isidro Manuel
Q81645927,male,Meneses,es,,Meneses
Q81901929,female,,,,Louana
Q82659309,male,Carlitos,es,,Carlitos
Q82711758,male,Guillermo Antonio,es,,Guillermo Antonio
Q83156865,male,Gustavo Adolfo,es,,Gustavo Adolfo
Q83182713,male,Vicente Javier,es,,Vicente Javier
Q83407957,male,Juan Gabriel,es,,Juan Gabriel
Q83859078,male,Juan Alejandro,es,,Juan Alejandro
Q84703719,female,Xóchitl,es,,Xochil
Q85686699,female,Casiana,es,,Casiana
Q86108020,female,Ágata,es,,Ágata
Q86425752,female,Dores,es,,Dores
Q86535551,male,Ángel Osvaldo,es,,Ángel Osvaldo
Q88391193,male,Kaleth,es,,Kaleth
Q88660927,male,Lenín,es,,Lenín
Q87049857,female,Maravillas,es,,Maravillas
Q89772587,male,Enrique María,es,,Enrique María
Q87180183,female,Felícia,es,,Felícia
Q89165141,female,Greeicy,es,,Greeicy
Q89503214,male,Luis Eduardo,es,,Luis Eduardo
Q90686818,male,Víctor Francisco,es,,Víctor Francisco
Q90156214,female,Maria Mar,es,,Maria Mar
Q90890296,male,Zósimo,es,,Zósimo
Q91007234,female,,,,Sigolena
Q91742091,male,Laín,es,,Laín
Q92153607,male,Daciano,es,,Daciano
Q92293871,female,Bendita,es,,Bendita
Q87717310,female,Silveria,es,,Silveria
Q87836481,male,Manrique,es,,Manrique
Q88007379,male,Olallo,es,,Olallo
Q88282983,male,Mario de Jesús,es,,Mario de Jesús
Q90158820,male,Carlos Jesús,es,,Carlos Jesús
Q89573218,male,Roberto Antonio,es,,Roberto Antonio
Q96186887,male,Osmany,es,,Osmany
Q96323904,female,Camino,es,,Camino
Q93245993,female,Cielo,es,,Cielo
Q90684937,female,Yineth,es,,Yineth
Q89587884,female,Altea,es,,Altea
Q96195079,female,Cunegunda,es,,Cunegunda
Q94236063,female,Mariblanca,es,,Mariblanca
Q94271869,male,,,,Lubo
Q95404327,female,María Almudena,es,,María Almudena
Q95744401,male,Luis Gómez,es,,Luis Gómez
Q96323924,female,Consolación,es,,Consolación
Q96323938,female,Concepción,es,,Concepción
Q96323982,female,Coro,es,,Coro
Q96323992,female,María del Coro,es,,María del Coro
Q96024612,female,Querubina,es,,Querubina
Q96186732,female,María Aurora,es,,María Aurora
Q89757171,male,Luis Fernando,es,,Luis Fernando
Q96305908,male,Frutos,es,,Frutos
Q96308960,female,Eufrasia,es,,Eufrasia
Q96324002,female,María del Pino,es,,María del Pino
Q96324006,female,Pino,es,,Pino
Q96324025,female,Ninfodora,es,,Ninfodora
Q96347037,female,Josefa Pía,es,,Josefa Pía
Q96478334,female,,,,Pablita
Q96478571,male,Rodulfo,es,,Rodulfo
Q96756713,male,Joaquín Alberto,es,,Joaquín Alberto
Q96756736,female,María Sacramento,es,,María Sacramento
Q96757147,male,Yesid,es,,Yesid
Q97301838,male,Félix Francisco,es,,Félix Francisco
Q96309174,male,Tesifonte,es,,Tesifonte
Q96309177,male,Tesifón,es,,Tesifón
Q96310064,male,Cástulo,es,,Cástulo
Q96322727,male,Pancracio,es,,Pancracio
Q96323725,male,Emérito,es,,Emérito
Q96323731,female,Emérita,es,,Emérita
Q96482284,male,Jesús Alberto,es,,Jesús Alberto
Q97323509,male,Ricardo Luis,es,,Ricardo Luis
Q96870363,female,María Dulce,es,,María Dulce
Q97320777,male,Héctor Eduardo,es,,Héctor Eduardo
Q96574310,female,Concesa,es,,Concesa
Q96633884,male,Eduardo Miguel,es,,Eduardo Miguel
Q96870479,female,Dulce Nombre de María,es,,Dulce Nombre de María
Q96971133,male,Igbert,es,,Igbert
Q98380712,male,Ignacio Ángel,es,,Ignacio Ángel
Q97013195,female,Geisha,es,,Geisha
Q97321275,male,Mauricio Alberto,es,,Mauricio Alberto
Q96656408,male,Lobo,es,,Lobo
Q96755094,female,María de la Almudena,es,,María de la Almudena
Q96755109,female,María de África,es,,María de África
Q96756257,male,Javier Aureliano,es,,Javier Aureliano
Q96756261,female,María África,es,,María África
Q97400349,female,Valquiria,es,,Valquiria
Q97582349,male,José Emilio,es,,José Emilio
Q98108833,male,Norgie,es,,Norgie
Q98513200,male,Daniel Eduardo,es,,Daniel Nelson Baldi
Q97321365,male,Ricardo Andrés,es,,Ricardo Andrés
Q97292148,male,Ángel Eduardo,es,,Ángel Eduardo
Q98520327,female,Leyre,es,,Leyre
Q98380700,male,Gabriel María,es,,Gabriel María
Q98664093,female,Yeliana,es,,Yeliana
Q97321588,female,Evaluna,es,,Evaluna
Q98704342,female,Eduvigis,es,,Eduvigis
Q99198785,male,Flavio Augusto,es,,Flavio Augusto
Q97738487,female,,,,Rufa
Q97825848,male,Luis Alfonso,es,,Luis Alfonso
Q98926780,male,Benicio,es,,Benicio
Q98937441,male,Jorge Ernesto,es,,Jorge Ernesto
Q98704360,female,Eduviges,es,,Eduviges
Q98704576,female,Armonía,es,,Armonía
Q98777008,unisex,Marial,es,,Marial
Q98793285,female,Casta,es,,Casta
Q98793304,female,Secundina,es,,Secundina
Q98793488,female,Segunda,es,,Segunda
Q98815247,male,Erundino,es,,Erundino
Q98815263,female,Erundina,es,,Erundina
Q98515386,male,Carlos Diego,es,,Carlos Diego
Q97979158,female,María Inés,es,,María Inés
Q98164657,male,Ilyich,es,,Ilyich
Q99196530,female,Eloína,es,,Eloína
Q98688076,male,Pedro Francisco,es,,Pedro Francisco
Q98831170,male,Federico Guillermo,es,,Federico Guillermo
Q99046950,female,Mariví,es,,Mariví
Q98163641,male,Ilitch,es,,Ilitch
Q99217616,female,Angélica María,es,,Angélica María
Q98521179,female,Peña,es,,Peña
Q98538777,female,Soriana,es,,Soriana
Q98600377,female,Luisa Fernanda,es,,Luisa Fernanda
Q99011513,female,Francisca Javiera,es,,Francisca Javiera
Q99044001,female,Marivi,es,,Marivi
Q98520759,male,Enol,es,,Enol
Q98521109,female,María de la Peña,es,,María de la Peña
Q99427615,male,Opelio,es,,Opelio
Q99391487,male,Poncio,es,,Poncio
Q99395242,female,Zaloa,es,,Zaloa
Q98948379,female,Currita,es,,Currita
Q98948477,female,Panchita,es,,Panchita
Q98966264,female,Francisca de Paula,es,,Francisca de Paula
Q98969601,male,Jorge David,es,,Jorge David
Q99449065,male,Jorge Iván,es,,Jorge Iván
Q98840996,female,Cósima,es,,Cósima
Q98876033,male,Currito,es,,Currito
Q98876264,male,Panchito,es,,Panchito
Q99300613,male,Gabriel Alejandro,es,,Gabriel Alejandro
Q99377684,female,María Reyes,es,,María Reyes
Q99424030,male,Carlos Raúl,es,,Carlos Raúl
Q99381439,female,María del Sol,es,,María del Sol
Q99381871,female,María de la Soledad,es,,María de la Soledad
Q98600411,male,Paquito,es,,Paquito
Q98600443,female,Paca,es,,Paca
Q98600465,female,Curra,es,,Curra
Q98602770,female,Pancha,es,,Pancha
Q98602782,male,Isabelo,es,,Isabelo
Q98651342,male,Bronco,es,,Bronco
Q98662643,female,Paty,es,,Paty
Q99044799,female,Maribi,es,,Maribi
Q99300634,male,Gabriel Enrique,es,,Gabriel Enrique
Q99544288,male,Mario Antonio,es,,Mario Antonio
Q99933777,male,Eñaut,es,,Eñaut
Q99379516,male,José Reyes,es,,José Reyes
Q99440480,female,María Belén,es,,María Belén
Q99445123,female,María del Buensuceso,es,,María del Buensuceso
Q99445140,female,María de la Fuencisla,es,,María de la Fuencisla
Q99446227,unisex,Buensuceso,es,,Buensuceso
Q99447926,female,Poncia,es,,Poncia
Q99549998,male,José de la Trinidad,es,,José de la Trinidad
Q100143210,male,Aniano,es,,Aniano
Q100151665,female,Pelaya,es,,Pelaya
Q100165766,male,Mendo,es,,Mendo
Q100165774,male,Melendo,es,,Melendo
Q100234671,male,Muño,es,,Muño
Q99658668,male,Claudio Marcelo,es,,Claudio Marcelo
Q100269109,male,Carlos Julio,es,,Carlos Julio
Q100250128,female,María de Gracia,es,,María de Gracia
Q99549891,male,David de la Trinidad,es,,David de la Trinidad
Q99550156,male,José Trinidad,es,,José Trinidad
Q99694193,male,Trinitario,es,,Trinitario
Q99899640,female,María del Perpetuo Socorro,es,,María del Perpetuo Socorro
Q100294608,male,Andrés Eloy,es,,Andrés Eloy
Q100292115,female,Tirzah,es,,Tirzah
Q99902503,male,Isacio,es,,Isacio
Q838790,female,Angelica,es,,
Q1218989,female,Noemi,es,,
Q4267021,male,Lorenzo,es,,
Q11025114,female,,,,
Q12382533,female,,,,
Q12802641,female,,,,
Q14555468,female,,,,
Q16612206,female,,,,
Q18091393,female,,,,
Q18091986,female,María Luisa,es,,
Q18113634,female,,,,
Q18147694,male,Darío,es,,
Q19688272,male,,,,
Q19798631,female,,,,
Q21401296,male,Eladio,es,,
Q27601812,male,Juan Bautista,es,,
Q28092860,male,Idelfonso,es,,
Q34228232,female,,,,
Q50356965,male,Gustavo de la Cruz,es,,
Q52102929,male,Hermano,es,,
Q61698918,male,José Guillermo,es,,
Q61745483,male,Guillermo José,es,,
Q93551877,male,Melo,es,,
Q98521614,female,María Antonia,es,,
Q100998930,female,Sonia María,es,,
Q100998932,female,Primitiva,es,,
Q100998933,female,Angeles Isabel,es,,
Q100998937,female,Eva Gloria,es,,
Q100998940,female,Maria Araceli,es,,
Q100998945,female,Rosa Elvira,es,,
Q100998971,female,Daniela María,es,,
Q100998974,female,María Mónica,es,,
Q101069812,male,Roldán,es,,
Q105421159,female,,,,
Q111918057,male,Favila,es,,
Q117038629,female,Fideligna,es,,
Q117213440,female,Care,es,,
Q123281483,male,,,,
Q124037592,male,Ramón Antonio,es,,
Q124068793,male,Tomás Oziel,es,,
Q124069010,male,Oziel,es,,
Q124162040,male,Daniel Gil,es,,
Q124308107,male,José Estanislao,es,,
Q124313053,male,Luis Modesto,es,,
Q124352420,male,Jorge Eduardo,es,,
Q125626035,female,Anallely,es,,
Q130238222,female,Sandra Liliana,es,,
Q130643540,male,José del Carmen,es,,
Q132142268,female,Angela Fernanda,es,,
Q132817024,male,,,,
Q133304643,male,Ferney,es,,
Q133347994,male,Juan David,es,,
Q133442271,female,Ginneth,es,,
Q133458554,male,Nelson Camilo,es,,
Q134434761,male,Sergio Iván,es,,
Q134450757,male,Jaime Alberto,es,,
Q134487970,male,Jesús Vicente,es,,
Q134499088,male,Jesús Luis,es,,
Q134539847,male,Alfonso Fernando,es,,
Q134561063,male,Luis Agustín,es,,
Q134580662,male,Felipe Eduardo,es,,
Q134588823,male,Julio Antonio,es,,
Q134703253,male,Mariano Anastasio,es,,
Q134706367,male,Pedro Tomás,es,,
Q134719561,male,Ignacio Fernando,es,,
Q134726014,male,Ángel Javier,es,,
Q134727893,male,Luis Gabriel,es,,
Q134738887,male,Fernando Javier,es,,
Q134774200,male,Jesús Fernando,es,,
Q134893969,male,Álvaro José,es,,
Q136394545,male,Martín Miguel,es,,
Q136522688,female,,,,
Q136719976,female,Maria Piedad,es,,
Q139486694,male,Carmello,es,,
Q140421114,female,,,,
Q140892339,male,Pablo Honorio,es,,
Q141476141,female,,,,
